mode: atomic
github.com/MamangRust/monolith-point-of-sale-pkg/database/database.go:14.70,17.49 2 0
github.com/MamangRust/monolith-point-of-sale-pkg/database/database.go:17.49,20.3 2 0
github.com/MamangRust/monolith-point-of-sale-pkg/database/database.go:22.2,31.16 3 0
github.com/MamangRust/monolith-point-of-sale-pkg/database/database.go:31.16,34.3 2 0
github.com/MamangRust/monolith-point-of-sale-pkg/database/database.go:36.2,37.23 2 0
github.com/MamangRust/monolith-point-of-sale-pkg/database/database.go:37.23,39.3 1 0
github.com/MamangRust/monolith-point-of-sale-pkg/database/database.go:40.2,43.23 3 0
github.com/MamangRust/monolith-point-of-sale-pkg/database/database.go:43.23,45.3 1 0
github.com/MamangRust/monolith-point-of-sale-pkg/database/database.go:46.2,49.26 3 0
github.com/MamangRust/monolith-point-of-sale-pkg/database/database.go:49.26,51.3 1 0
github.com/MamangRust/monolith-point-of-sale-pkg/database/database.go:52.2,55.26 3 0
github.com/MamangRust/monolith-point-of-sale-pkg/database/database.go:55.26,57.3 1 0
github.com/MamangRust/monolith-point-of-sale-pkg/database/database.go:58.2,61.28 3 0
github.com/MamangRust/monolith-point-of-sale-pkg/database/database.go:61.28,63.3 1 0
github.com/MamangRust/monolith-point-of-sale-pkg/database/database.go:64.2,68.16 4 0
github.com/MamangRust/monolith-point-of-sale-pkg/database/database.go:68.16,71.3 2 0
github.com/MamangRust/monolith-point-of-sale-pkg/database/database.go:73.2,73.39 1 0
github.com/MamangRust/monolith-point-of-sale-pkg/database/database.go:73.39,77.3 3 0
github.com/MamangRust/monolith-point-of-sale-pkg/database/database.go:79.2,88.18 2 0
github.com/MamangRust/monolith-point-of-sale-pkg/database/seeder/cashier.go:20.106,26.2 1 0
github.com/MamangRust/monolith-point-of-sale-pkg/database/seeder/cashier.go:28.38,34.16 2 0
github.com/MamangRust/monolith-point-of-sale-pkg/database/seeder/cashier.go:34.16,37.3 2 0
github.com/MamangRust/monolith-point-of-sale-pkg/database/seeder/cashier.go:39.2,44.16 2 0
github.com/MamangRust/monolith-point-of-sale-pkg/database/seeder/cashier.go:44.16,47.3 2 0
github.com/MamangRust/monolith-point-of-sale-pkg/database/seeder/cashier.go:49.2,49.44 1 0
github.com/MamangRust/monolith-point-of-sale-pkg/database/seeder/cashier.go:49.44,52.3 2 0
github.com/MamangRust/monolith-point-of-sale-pkg/database/seeder/cashier.go:54.2,54.27 1 0
github.com/MamangRust/monolith-point-of-sale-pkg/database/seeder/cashier.go:54.27,64.17 5 0
github.com/MamangRust/monolith-point-of-sale-pkg/database/seeder/cashier.go:64.17,67.4 2 0
github.com/MamangRust/monolith-point-of-sale-pkg/database/seeder/cashier.go:71.2,72.12 2 0
github.com/MamangRust/monolith-point-of-sale-pkg/database/seeder/category.go:19.108,25.2 1 0
github.com/MamangRust/monolith-point-of-sale-pkg/database/seeder/category.go:27.39,40.26 3 0
github.com/MamangRust/monolith-point-of-sale-pkg/database/seeder/category.go:40.26,50.17 5 0
github.com/MamangRust/monolith-point-of-sale-pkg/database/seeder/category.go:50.17,53.4 2 0
github.com/MamangRust/monolith-point-of-sale-pkg/database/seeder/category.go:54.3,54.72 1 0
github.com/MamangRust/monolith-point-of-sale-pkg/database/seeder/category.go:57.2,58.12 2 0
github.com/MamangRust/monolith-point-of-sale-pkg/database/seeder/merchant.go:19.108,25.2 1 0
github.com/MamangRust/monolith-point-of-sale-pkg/database/seeder/merchant.go:27.39,33.16 2 0
github.com/MamangRust/monolith-point-of-sale-pkg/database/seeder/merchant.go:33.16,36.3 2 0
github.com/MamangRust/monolith-point-of-sale-pkg/database/seeder/merchant.go:38.2,38.27 1 0
github.com/MamangRust/monolith-point-of-sale-pkg/database/seeder/merchant.go:38.27,52.17 4 0
github.com/MamangRust/monolith-point-of-sale-pkg/database/seeder/merchant.go:52.17,55.4 2 0
github.com/MamangRust/monolith-point-of-sale-pkg/database/seeder/merchant.go:58.2,59.12 2 0
github.com/MamangRust/monolith-point-of-sale-pkg/database/seeder/order.go:19.102,25.2 1 0
github.com/MamangRust/monolith-point-of-sale-pkg/database/seeder/order.go:27.36,33.16 2 0
github.com/MamangRust/monolith-point-of-sale-pkg/database/seeder/order.go:33.16,36.3 2 0
github.com/MamangRust/monolith-point-of-sale-pkg/database/seeder/order.go:38.2,43.16 2 0
github.com/MamangRust/monolith-point-of-sale-pkg/database/seeder/order.go:43.16,46.3 2 0
github.com/MamangRust/monolith-point-of-sale-pkg/database/seeder/order.go:48.2,48.47 1 0
github.com/MamangRust/monolith-point-of-sale-pkg/database/seeder/order.go:48.47,51.3 2 0
github.com/MamangRust/monolith-point-of-sale-pkg/database/seeder/order.go:53.2,53.26 1 0
github.com/MamangRust/monolith-point-of-sale-pkg/database/seeder/order.go:53.26,63.17 5 0
github.com/MamangRust/monolith-point-of-sale-pkg/database/seeder/order.go:63.17,66.4 2 0
github.com/MamangRust/monolith-point-of-sale-pkg/database/seeder/order.go:68.3,79.17 3 0
github.com/MamangRust/monolith-point-of-sale-pkg/database/seeder/order.go:79.17,82.4 2 0
github.com/MamangRust/monolith-point-of-sale-pkg/database/seeder/order.go:84.3,84.25 1 0
github.com/MamangRust/monolith-point-of-sale-pkg/database/seeder/order.go:84.25,86.12 2 0
github.com/MamangRust/monolith-point-of-sale-pkg/database/seeder/order.go:89.3,89.39 1 0
github.com/MamangRust/monolith-point-of-sale-pkg/database/seeder/order.go:89.39,100.18 5 0
github.com/MamangRust/monolith-point-of-sale-pkg/database/seeder/order.go:100.18,103.5 2 0
github.com/MamangRust/monolith-point-of-sale-pkg/database/seeder/order.go:107.2,108.12 2 0
github.com/MamangRust/monolith-point-of-sale-pkg/database/seeder/product.go:20.106,26.2 1 0
github.com/MamangRust/monolith-point-of-sale-pkg/database/seeder/product.go:28.38,34.16 2 0
github.com/MamangRust/monolith-point-of-sale-pkg/database/seeder/product.go:34.16,37.3 2 0
github.com/MamangRust/monolith-point-of-sale-pkg/database/seeder/product.go:39.2,44.16 2 0
github.com/MamangRust/monolith-point-of-sale-pkg/database/seeder/product.go:44.16,47.3 2 0
github.com/MamangRust/monolith-point-of-sale-pkg/database/seeder/product.go:49.2,49.49 1 0
github.com/MamangRust/monolith-point-of-sale-pkg/database/seeder/product.go:49.49,52.3 2 0
github.com/MamangRust/monolith-point-of-sale-pkg/database/seeder/product.go:54.2,64.26 4 0
github.com/MamangRust/monolith-point-of-sale-pkg/database/seeder/product.go:64.26,90.17 12 0
github.com/MamangRust/monolith-point-of-sale-pkg/database/seeder/product.go:90.17,93.4 2 0
github.com/MamangRust/monolith-point-of-sale-pkg/database/seeder/product.go:97.2,98.12 2 0
github.com/MamangRust/monolith-point-of-sale-pkg/database/seeder/role.go:19.100,25.2 1 0
github.com/MamangRust/monolith-point-of-sale-pkg/database/seeder/role.go:27.35,43.39 3 0
github.com/MamangRust/monolith-point-of-sale-pkg/database/seeder/role.go:43.39,45.17 2 0
github.com/MamangRust/monolith-point-of-sale-pkg/database/seeder/role.go:45.17,48.4 2 0
github.com/MamangRust/monolith-point-of-sale-pkg/database/seeder/role.go:51.2,52.12 2 0
github.com/MamangRust/monolith-point-of-sale-pkg/database/seeder/seed.go:32.35,44.2 1 0
github.com/MamangRust/monolith-point-of-sale-pkg/database/seeder/seed.go:46.30,47.62 1 0
github.com/MamangRust/monolith-point-of-sale-pkg/database/seeder/seed.go:47.62,49.3 1 0
github.com/MamangRust/monolith-point-of-sale-pkg/database/seeder/seed.go:51.2,51.62 1 0
github.com/MamangRust/monolith-point-of-sale-pkg/database/seeder/seed.go:51.62,53.3 1 0
github.com/MamangRust/monolith-point-of-sale-pkg/database/seeder/seed.go:55.2,55.71 1 0
github.com/MamangRust/monolith-point-of-sale-pkg/database/seeder/seed.go:55.71,57.3 1 0
github.com/MamangRust/monolith-point-of-sale-pkg/database/seeder/seed.go:59.2,59.69 1 0
github.com/MamangRust/monolith-point-of-sale-pkg/database/seeder/seed.go:59.69,61.3 1 0
github.com/MamangRust/monolith-point-of-sale-pkg/database/seeder/seed.go:63.2,63.67 1 0
github.com/MamangRust/monolith-point-of-sale-pkg/database/seeder/seed.go:63.67,65.3 1 0
github.com/MamangRust/monolith-point-of-sale-pkg/database/seeder/seed.go:67.2,67.69 1 0
github.com/MamangRust/monolith-point-of-sale-pkg/database/seeder/seed.go:67.69,69.3 1 0
github.com/MamangRust/monolith-point-of-sale-pkg/database/seeder/seed.go:71.2,71.67 1 0
github.com/MamangRust/monolith-point-of-sale-pkg/database/seeder/seed.go:71.67,73.3 1 0
github.com/MamangRust/monolith-point-of-sale-pkg/database/seeder/seed.go:75.2,75.63 1 0
github.com/MamangRust/monolith-point-of-sale-pkg/database/seeder/seed.go:75.63,77.3 1 0
github.com/MamangRust/monolith-point-of-sale-pkg/database/seeder/seed.go:79.2,79.75 1 0
github.com/MamangRust/monolith-point-of-sale-pkg/database/seeder/seed.go:79.75,81.3 1 0
github.com/MamangRust/monolith-point-of-sale-pkg/database/seeder/seed.go:83.2,83.12 1 0
github.com/MamangRust/monolith-point-of-sale-pkg/database/seeder/seed.go:86.80,87.35 1 0
github.com/MamangRust/monolith-point-of-sale-pkg/database/seeder/seed.go:87.35,89.3 1 0
github.com/MamangRust/monolith-point-of-sale-pkg/database/seeder/seed.go:91.2,92.12 2 0
github.com/MamangRust/monolith-point-of-sale-pkg/database/seeder/seed.go:95.34,97.2 1 0
github.com/MamangRust/monolith-point-of-sale-pkg/database/seeder/seed.go:99.31,101.2 1 0
github.com/MamangRust/monolith-point-of-sale-pkg/database/seeder/transaction.go:19.114,25.2 1 0
github.com/MamangRust/monolith-point-of-sale-pkg/database/seeder/transaction.go:27.42,34.16 2 0
github.com/MamangRust/monolith-point-of-sale-pkg/database/seeder/transaction.go:34.16,37.3 2 0
github.com/MamangRust/monolith-point-of-sale-pkg/database/seeder/transaction.go:39.2,45.16 2 0
github.com/MamangRust/monolith-point-of-sale-pkg/database/seeder/transaction.go:45.16,48.3 2 0
github.com/MamangRust/monolith-point-of-sale-pkg/database/seeder/transaction.go:50.2,50.26 1 0
github.com/MamangRust/monolith-point-of-sale-pkg/database/seeder/transaction.go:50.26,71.17 11 0
github.com/MamangRust/monolith-point-of-sale-pkg/database/seeder/transaction.go:71.17,74.4 2 0
github.com/MamangRust/monolith-point-of-sale-pkg/database/seeder/transaction.go:77.2,78.12 2 0
github.com/MamangRust/monolith-point-of-sale-pkg/database/seeder/user.go:22.124,29.2 1 0
github.com/MamangRust/monolith-point-of-sale-pkg/database/seeder/user.go:31.35,32.27 1 0
github.com/MamangRust/monolith-point-of-sale-pkg/database/seeder/user.go:32.27,37.17 4 0
github.com/MamangRust/monolith-point-of-sale-pkg/database/seeder/user.go:37.17,40.4 2 0
github.com/MamangRust/monolith-point-of-sale-pkg/database/seeder/user.go:42.3,50.17 3 0
github.com/MamangRust/monolith-point-of-sale-pkg/database/seeder/user.go:50.17,53.4 2 0
github.com/MamangRust/monolith-point-of-sale-pkg/database/seeder/user.go:55.3,55.12 1 0
github.com/MamangRust/monolith-point-of-sale-pkg/database/seeder/user.go:55.12,57.18 2 0
github.com/MamangRust/monolith-point-of-sale-pkg/database/seeder/user.go:57.18,60.5 2 0
github.com/MamangRust/monolith-point-of-sale-pkg/database/seeder/user.go:64.2,65.12 2 0
github.com/MamangRust/monolith-point-of-sale-pkg/database/seeder/user_role.go:21.108,27.2 1 0
github.com/MamangRust/monolith-point-of-sale-pkg/database/seeder/user_role.go:29.39,35.16 2 0
github.com/MamangRust/monolith-point-of-sale-pkg/database/seeder/user_role.go:35.16,38.3 2 0
github.com/MamangRust/monolith-point-of-sale-pkg/database/seeder/user_role.go:40.2,45.16 2 0
github.com/MamangRust/monolith-point-of-sale-pkg/database/seeder/user_role.go:45.16,48.3 2 0
github.com/MamangRust/monolith-point-of-sale-pkg/database/seeder/user_role.go:50.2,50.40 1 0
github.com/MamangRust/monolith-point-of-sale-pkg/database/seeder/user_role.go:50.40,53.3 2 0
github.com/MamangRust/monolith-point-of-sale-pkg/database/seeder/user_role.go:55.2,57.29 2 0
github.com/MamangRust/monolith-point-of-sale-pkg/database/seeder/user_role.go:57.29,64.17 3 0
github.com/MamangRust/monolith-point-of-sale-pkg/database/seeder/user_role.go:64.17,67.4 2 0
github.com/MamangRust/monolith-point-of-sale-pkg/database/seeder/user_role.go:70.2,71.12 2 0
github.com/MamangRust/monolith-point-of-sale-pkg/dotenv/dotenv.go:10.20,12.15 2 0
github.com/MamangRust/monolith-point-of-sale-pkg/dotenv/dotenv.go:12.15,14.3 1 0
github.com/MamangRust/monolith-point-of-sale-pkg/dotenv/dotenv.go:16.2,19.13 3 0
github.com/MamangRust/monolith-point-of-sale-pkg/dotenv/dotenv.go:20.16,21.33 1 0
github.com/MamangRust/monolith-point-of-sale-pkg/dotenv/dotenv.go:22.20,23.37 1 0
github.com/MamangRust/monolith-point-of-sale-pkg/dotenv/dotenv.go:24.28,25.24 1 0
github.com/MamangRust/monolith-point-of-sale-pkg/dotenv/dotenv.go:26.10,27.22 1 0
github.com/MamangRust/monolith-point-of-sale-pkg/dotenv/dotenv.go:30.2,32.19 2 0
github.com/MamangRust/monolith-point-of-sale-pkg/dotenv/dotenv.go:32.19,36.17 3 0
github.com/MamangRust/monolith-point-of-sale-pkg/dotenv/dotenv.go:36.17,38.4 1 0
github.com/MamangRust/monolith-point-of-sale-pkg/dotenv/dotenv.go:41.2,41.12 1 0
github.com/MamangRust/monolith-point-of-sale-pkg/database/schema/cashiers.sql.go:38.97,51.2 4 0
github.com/MamangRust/monolith-point-of-sale-pkg/database/schema/cashiers.sql.go:65.73,68.2 2 0
github.com/MamangRust/monolith-point-of-sale-pkg/database/schema/cashiers.sql.go:84.88,87.2 2 0
github.com/MamangRust/monolith-point-of-sale-pkg/database/schema/cashiers.sql.go:106.90,119.2 4 0
github.com/MamangRust/monolith-point-of-sale-pkg/database/schema/cashiers.sql.go:166.102,168.16 2 0
github.com/MamangRust/monolith-point-of-sale-pkg/database/schema/cashiers.sql.go:168.16,170.3 1 0
github.com/MamangRust/monolith-point-of-sale-pkg/database/schema/cashiers.sql.go:171.2,173.18 3 0
github.com/MamangRust/monolith-point-of-sale-pkg/database/schema/cashiers.sql.go:173.18,184.17 2 0
github.com/MamangRust/monolith-point-of-sale-pkg/database/schema/cashiers.sql.go:184.17,186.4 1 0
github.com/MamangRust/monolith-point-of-sale-pkg/database/schema/cashiers.sql.go:187.3,187.28 1 0
github.com/MamangRust/monolith-point-of-sale-pkg/database/schema/cashiers.sql.go:189.2,189.35 1 0
github.com/MamangRust/monolith-point-of-sale-pkg/database/schema/cashiers.sql.go:189.35,191.3 1 0
github.com/MamangRust/monolith-point-of-sale-pkg/database/schema/cashiers.sql.go:192.2,192.19 1 0
github.com/MamangRust/monolith-point-of-sale-pkg/database/schema/cashiers.sql.go:240.120,242.16 2 0
github.com/MamangRust/monolith-point-of-sale-pkg/database/schema/cashiers.sql.go:242.16,244.3 1 0
github.com/MamangRust/monolith-point-of-sale-pkg/database/schema/cashiers.sql.go:245.2,247.18 3 0
github.com/MamangRust/monolith-point-of-sale-pkg/database/schema/cashiers.sql.go:247.18,258.17 2 0
github.com/MamangRust/monolith-point-of-sale-pkg/database/schema/cashiers.sql.go:258.17,260.4 1 0
github.com/MamangRust/monolith-point-of-sale-pkg/database/schema/cashiers.sql.go:261.3,261.28 1 0
github.com/MamangRust/monolith-point-of-sale-pkg/database/schema/cashiers.sql.go:263.2,263.35 1 0
github.com/MamangRust/monolith-point-of-sale-pkg/database/schema/cashiers.sql.go:263.35,265.3 1 0
github.com/MamangRust/monolith-point-of-sale-pkg/database/schema/cashiers.sql.go:266.2,266.19 1 0
github.com/MamangRust/monolith-point-of-sale-pkg/database/schema/cashiers.sql.go:310.132,317.16 2 0
github.com/MamangRust/monolith-point-of-sale-pkg/database/schema/cashiers.sql.go:317.16,319.3 1 0
github.com/MamangRust/monolith-point-of-sale-pkg/database/schema/cashiers.sql.go:320.2,322.18 3 0
github.com/MamangRust/monolith-point-of-sale-pkg/database/schema/cashiers.sql.go:322.18,333.17 2 0
github.com/MamangRust/monolith-point-of-sale-pkg/database/schema/cashiers.sql.go:333.17,335.4 1 0
github.com/MamangRust/monolith-point-of-sale-pkg/database/schema/cashiers.sql.go:336.3,336.28 1 0
github.com/MamangRust/monolith-point-of-sale-pkg/database/schema/cashiers.sql.go:338.2,338.35 1 0
github.com/MamangRust/monolith-point-of-sale-pkg/database/schema/cashiers.sql.go:338.35,340.3 1 0
github.com/MamangRust/monolith-point-of-sale-pkg/database/schema/cashiers.sql.go:341.2,341.19 1 0
github.com/MamangRust/monolith-point-of-sale-pkg/database/schema/cashiers.sql.go:389.123,391.16 2 0
github.com/MamangRust/monolith-point-of-sale-pkg/database/schema/cashiers.sql.go:391.16,393.3 1 0
github.com/MamangRust/monolith-point-of-sale-pkg/database/schema/cashiers.sql.go:394.2,396.18 3 0
github.com/MamangRust/monolith-point-of-sale-pkg/database/schema/cashiers.sql.go:396.18,407.17 2 0
github.com/MamangRust/monolith-point-of-sale-pkg/database/schema/cashiers.sql.go:407.17,409.4 1 0
github.com/MamangRust/monolith-point-of-sale-pkg/database/schema/cashiers.sql.go:410.3,410.28 1 0
github.com/MamangRust/monolith-point-of-sale-pkg/database/schema/cashiers.sql.go:412.2,412.35 1 0
github.com/MamangRust/monolith-point-of-sale-pkg/database/schema/cashiers.sql.go:412.35,414.3 1 0
github.com/MamangRust/monolith-point-of-sale-pkg/database/schema/cashiers.sql.go:415.2,415.19 1 0
github.com/MamangRust/monolith-point-of-sale-pkg/database/schema/cashiers.sql.go:483.111,485.16 2 0
github.com/MamangRust/monolith-point-of-sale-pkg/database/schema/cashiers.sql.go:485.16,487.3 1 0
github.com/MamangRust/monolith-point-of-sale-pkg/database/schema/cashiers.sql.go:488.2,490.18 3 0
github.com/MamangRust/monolith-point-of-sale-pkg/database/schema/cashiers.sql.go:490.18,498.17 2 0
github.com/MamangRust/monolith-point-of-sale-pkg/database/schema/cashiers.sql.go:498.17,500.4 1 0
github.com/MamangRust/monolith-point-of-sale-pkg/database/schema/cashiers.sql.go:501.3,501.28 1 0
github.com/MamangRust/monolith-point-of-sale-pkg/database/schema/cashiers.sql.go:503.2,503.35 1 0
github.com/MamangRust/monolith-point-of-sale-pkg/database/schema/cashiers.sql.go:503.35,505.3 1 0
github.com/MamangRust/monolith-point-of-sale-pkg/database/schema/cashiers.sql.go:506.2,506.19 1 0
github.com/MamangRust/monolith-point-of-sale-pkg/database/schema/cashiers.sql.go:581.153,583.16 2 0
github.com/MamangRust/monolith-point-of-sale-pkg/database/schema/cashiers.sql.go:583.16,585.3 1 0
github.com/MamangRust/monolith-point-of-sale-pkg/database/schema/cashiers.sql.go:586.2,588.18 3 0
github.com/MamangRust/monolith-point-of-sale-pkg/database/schema/cashiers.sql.go:588.18,596.17 2 0
github.com/MamangRust/monolith-point-of-sale-pkg/database/schema/cashiers.sql.go:596.17,598.4 1 0
github.com/MamangRust/monolith-point-of-sale-pkg/database/schema/cashiers.sql.go:599.3,599.28 1 0
github.com/MamangRust/monolith-point-of-sale-pkg/database/schema/cashiers.sql.go:601.2,601.35 1 0
github.com/MamangRust/monolith-point-of-sale-pkg/database/schema/cashiers.sql.go:601.35,603.3 1 0
github.com/MamangRust/monolith-point-of-sale-pkg/database/schema/cashiers.sql.go:604.2,604.19 1 0
github.com/MamangRust/monolith-point-of-sale-pkg/database/schema/cashiers.sql.go:679.150,681.16 2 0
github.com/MamangRust/monolith-point-of-sale-pkg/database/schema/cashiers.sql.go:681.16,683.3 1 0
github.com/MamangRust/monolith-point-of-sale-pkg/database/schema/cashiers.sql.go:684.2,686.18 3 0
github.com/MamangRust/monolith-point-of-sale-pkg/database/schema/cashiers.sql.go:686.18,694.17 2 0
github.com/MamangRust/monolith-point-of-sale-pkg/database/schema/cashiers.sql.go:694.17,696.4 1 0
github.com/MamangRust/monolith-point-of-sale-pkg/database/schema/cashiers.sql.go:697.3,697.28 1 0
github.com/MamangRust/monolith-point-of-sale-pkg/database/schema/cashiers.sql.go:699.2,699.35 1 0
github.com/MamangRust/monolith-point-of-sale-pkg/database/schema/cashiers.sql.go:699.35,701.3 1 0
github.com/MamangRust/monolith-point-of-sale-pkg/database/schema/cashiers.sql.go:702.2,702.19 1 0
github.com/MamangRust/monolith-point-of-sale-pkg/database/schema/cashiers.sql.go:788.141,796.16 2 0
github.com/MamangRust/monolith-point-of-sale-pkg/database/schema/cashiers.sql.go:796.16,798.3 1 0
github.com/MamangRust/monolith-point-of-sale-pkg/database/schema/cashiers.sql.go:799.2,801.18 3 0
github.com/MamangRust/monolith-point-of-sale-pkg/database/schema/cashiers.sql.go:801.18,803.69 2 0
github.com/MamangRust/monolith-point-of-sale-pkg/database/schema/cashiers.sql.go:803.69,805.4 1 0
github.com/MamangRust/monolith-point-of-sale-pkg/database/schema/cashiers.sql.go:806.3,806.28 1 0
github.com/MamangRust/monolith-point-of-sale-pkg/database/schema/cashiers.sql.go:808.2,808.35 1 0
github.com/MamangRust/monolith-point-of-sale-pkg/database/schema/cashiers.sql.go:808.35,810.3 1 0
github.com/MamangRust/monolith-point-of-sale-pkg/database/schema/cashiers.sql.go:811.2,811.19 1 0
github.com/MamangRust/monolith-point-of-sale-pkg/database/schema/cashiers.sql.go:897.159,905.16 2 0
github.com/MamangRust/monolith-point-of-sale-pkg/database/schema/cashiers.sql.go:905.16,907.3 1 0
github.com/MamangRust/monolith-point-of-sale-pkg/database/schema/cashiers.sql.go:908.2,910.18 3 0
github.com/MamangRust/monolith-point-of-sale-pkg/database/schema/cashiers.sql.go:910.18,912.69 2 0
github.com/MamangRust/monolith-point-of-sale-pkg/database/schema/cashiers.sql.go:912.69,914.4 1 0
github.com/MamangRust/monolith-point-of-sale-pkg/database/schema/cashiers.sql.go:915.3,915.28 1 0
github.com/MamangRust/monolith-point-of-sale-pkg/database/schema/cashiers.sql.go:917.2,917.35 1 0
github.com/MamangRust/monolith-point-of-sale-pkg/database/schema/cashiers.sql.go:917.35,919.3 1 0
github.com/MamangRust/monolith-point-of-sale-pkg/database/schema/cashiers.sql.go:920.2,920.19 1 0
github.com/MamangRust/monolith-point-of-sale-pkg/database/schema/cashiers.sql.go:1003.150,1010.16 2 0
github.com/MamangRust/monolith-point-of-sale-pkg/database/schema/cashiers.sql.go:1010.16,1012.3 1 0
github.com/MamangRust/monolith-point-of-sale-pkg/database/schema/cashiers.sql.go:1013.2,1015.18 3 0
github.com/MamangRust/monolith-point-of-sale-pkg/database/schema/cashiers.sql.go:1015.18,1017.69 2 0
github.com/MamangRust/monolith-point-of-sale-pkg/database/schema/cashiers.sql.go:1017.69,1019.4 1 0
github.com/MamangRust/monolith-point-of-sale-pkg/database/schema/cashiers.sql.go:1020.3,1020.28 1 0
github.com/MamangRust/monolith-point-of-sale-pkg/database/schema/cashiers.sql.go:1022.2,1022.35 1 0
github.com/MamangRust/monolith-point-of-sale-pkg/database/schema/cashiers.sql.go:1022.35,1024.3 1 0
github.com/MamangRust/monolith-point-of-sale-pkg/database/schema/cashiers.sql.go:1025.2,1025.19 1 0
github.com/MamangRust/monolith-point-of-sale-pkg/database/schema/cashiers.sql.go:1087.109,1089.16 2 0
github.com/MamangRust/monolith-point-of-sale-pkg/database/schema/cashiers.sql.go:1089.16,1091.3 1 0
github.com/MamangRust/monolith-point-of-sale-pkg/database/schema/cashiers.sql.go:1092.2,1094.18 3 0
github.com/MamangRust/monolith-point-of-sale-pkg/database/schema/cashiers.sql.go:1094.18,1102.17 2 0
github.com/MamangRust/monolith-point-of-sale-pkg/database/schema/cashiers.sql.go:1102.17,1104.4 1 0
github.com/MamangRust/monolith-point-of-sale-pkg/database/schema/cashiers.sql.go:1105.3,1105.28 1 0
github.com/MamangRust/monolith-point-of-sale-pkg/database/schema/cashiers.sql.go:1107.2,1107.35 1 0
github.com/MamangRust/monolith-point-of-sale-pkg/database/schema/cashiers.sql.go:1107.35,1109.3 1 0
github.com/MamangRust/monolith-point-of-sale-pkg/database/schema/cashiers.sql.go:1110.2,1110.19 1 0
github.com/MamangRust/monolith-point-of-sale-pkg/database/schema/cashiers.sql.go:1179.150,1181.16 2 0
github.com/MamangRust/monolith-point-of-sale-pkg/database/schema/cashiers.sql.go:1181.16,1183.3 1 0
github.com/MamangRust/monolith-point-of-sale-pkg/database/schema/cashiers.sql.go:1184.2,1186.18 3 0
github.com/MamangRust/monolith-point-of-sale-pkg/database/schema/cashiers.sql.go:1186.18,1194.17 2 0
github.com/MamangRust/monolith-point-of-sale-pkg/database/schema/cashiers.sql.go:1194.17,1196.4 1 0
github.com/MamangRust/monolith-point-of-sale-pkg/database/schema/cashiers.sql.go:1197.3,1197.28 1 0
github.com/MamangRust/monolith-point-of-sale-pkg/database/schema/cashiers.sql.go:1199.2,1199.35 1 0
github.com/MamangRust/monolith-point-of-sale-pkg/database/schema/cashiers.sql.go:1199.35,1201.3 1 0
github.com/MamangRust/monolith-point-of-sale-pkg/database/schema/cashiers.sql.go:1202.2,1202.19 1 0
github.com/MamangRust/monolith-point-of-sale-pkg/database/schema/cashiers.sql.go:1271.147,1273.16 2 0
github.com/MamangRust/monolith-point-of-sale-pkg/database/schema/cashiers.sql.go:1273.16,1275.3 1 0
github.com/MamangRust/monolith-point-of-sale-pkg/database/schema/cashiers.sql.go:1276.2,1278.18 3 0
github.com/MamangRust/monolith-point-of-sale-pkg/database/schema/cashiers.sql.go:1278.18,1286.17 2 0
github.com/MamangRust/monolith-point-of-sale-pkg/database/schema/cashiers.sql.go:1286.17,1288.4 1 0
github.com/MamangRust/monolith-point-of-sale-pkg/database/schema/cashiers.sql.go:1289.3,1289.28 1 0
github.com/MamangRust/monolith-point-of-sale-pkg/database/schema/cashiers.sql.go:1291.2,1291.35 1 0
github.com/MamangRust/monolith-point-of-sale-pkg/database/schema/cashiers.sql.go:1291.35,1293.3 1 0
github.com/MamangRust/monolith-point-of-sale-pkg/database/schema/cashiers.sql.go:1294.2,1294.19 1 0
github.com/MamangRust/monolith-point-of-sale-pkg/database/schema/cashiers.sql.go:1359.138,1361.16 2 0
github.com/MamangRust/monolith-point-of-sale-pkg/database/schema/cashiers.sql.go:1361.16,1363.3 1 0
github.com/MamangRust/monolith-point-of-sale-pkg/database/schema/cashiers.sql.go:1364.2,1366.18 3 0
github.com/MamangRust/monolith-point-of-sale-pkg/database/schema/cashiers.sql.go:1366.18,1368.59 2 0
github.com/MamangRust/monolith-point-of-sale-pkg/database/schema/cashiers.sql.go:1368.59,1370.4 1 0
github.com/MamangRust/monolith-point-of-sale-pkg/database/schema/cashiers.sql.go:1371.3,1371.28 1 0
github.com/MamangRust/monolith-point-of-sale-pkg/database/schema/cashiers.sql.go:1373.2,1373.35 1 0
github.com/MamangRust/monolith-point-of-sale-pkg/database/schema/cashiers.sql.go:1373.35,1375.3 1 0
github.com/MamangRust/monolith-point-of-sale-pkg/database/schema/cashiers.sql.go:1376.2,1376.19 1 0
github.com/MamangRust/monolith-point-of-sale-pkg/database/schema/cashiers.sql.go:1441.156,1443.16 2 0
github.com/MamangRust/monolith-point-of-sale-pkg/database/schema/cashiers.sql.go:1443.16,1445.3 1 0
github.com/MamangRust/monolith-point-of-sale-pkg/database/schema/cashiers.sql.go:1446.2,1448.18 3 0
github.com/MamangRust/monolith-point-of-sale-pkg/database/schema/cashiers.sql.go:1448.18,1450.59 2 0
github.com/MamangRust/monolith-point-of-sale-pkg/database/schema/cashiers.sql.go:1450.59,1452.4 1 0
github.com/MamangRust/monolith-point-of-sale-pkg/database/schema/cashiers.sql.go:1453.3,1453.28 1 0
github.com/MamangRust/monolith-point-of-sale-pkg/database/schema/cashiers.sql.go:1455.2,1455.35 1 0
github.com/MamangRust/monolith-point-of-sale-pkg/database/schema/cashiers.sql.go:1455.35,1457.3 1 0
github.com/MamangRust/monolith-point-of-sale-pkg/database/schema/cashiers.sql.go:1458.2,1458.19 1 0
github.com/MamangRust/monolith-point-of-sale-pkg/database/schema/cashiers.sql.go:1516.125,1518.16 2 0
github.com/MamangRust/monolith-point-of-sale-pkg/database/schema/cashiers.sql.go:1518.16,1520.3 1 0
github.com/MamangRust/monolith-point-of-sale-pkg/database/schema/cashiers.sql.go:1521.2,1523.18 3 0
github.com/MamangRust/monolith-point-of-sale-pkg/database/schema/cashiers.sql.go:1523.18,1525.59 2 0
github.com/MamangRust/monolith-point-of-sale-pkg/database/schema/cashiers.sql.go:1525.59,1527.4 1 0
github.com/MamangRust/monolith-point-of-sale-pkg/database/schema/cashiers.sql.go:1528.3,1528.28 1 0
github.com/MamangRust/monolith-point-of-sale-pkg/database/schema/cashiers.sql.go:1530.2,1530.35 1 0
github.com/MamangRust/monolith-point-of-sale-pkg/database/schema/cashiers.sql.go:1530.35,1532.3 1 0
github.com/MamangRust/monolith-point-of-sale-pkg/database/schema/cashiers.sql.go:1533.2,1533.19 1 0
github.com/MamangRust/monolith-point-of-sale-pkg/database/schema/cashiers.sql.go:1550.65,1553.2 2 0
github.com/MamangRust/monolith-point-of-sale-pkg/database/schema/cashiers.sql.go:1576.90,1589.2 4 0
github.com/MamangRust/monolith-point-of-sale-pkg/database/schema/cashiers.sql.go:1612.88,1625.2 4 0
github.com/MamangRust/monolith-point-of-sale-pkg/database/schema/cashiers.sql.go:1653.97,1666.2 4 0
github.com/MamangRust/monolith-point-of-sale-pkg/database/schema/categories.sql.go:42.100,55.2 4 0
github.com/MamangRust/monolith-point-of-sale-pkg/database/schema/categories.sql.go:69.75,72.2 2 0
github.com/MamangRust/monolith-point-of-sale-pkg/database/schema/categories.sql.go:90.90,93.2 2 0
github.com/MamangRust/monolith-point-of-sale-pkg/database/schema/categories.sql.go:140.108,142.16 2 0
github.com/MamangRust/monolith-point-of-sale-pkg/database/schema/categories.sql.go:142.16,144.3 1 0
github.com/MamangRust/monolith-point-of-sale-pkg/database/schema/categories.sql.go:145.2,147.18 3 0
github.com/MamangRust/monolith-point-of-sale-pkg/database/schema/categories.sql.go:147.18,158.17 2 0
github.com/MamangRust/monolith-point-of-sale-pkg/database/schema/categories.sql.go:158.17,160.4 1 0
github.com/MamangRust/monolith-point-of-sale-pkg/database/schema/categories.sql.go:161.3,161.28 1 0
github.com/MamangRust/monolith-point-of-sale-pkg/database/schema/categories.sql.go:163.2,163.35 1 0
github.com/MamangRust/monolith-point-of-sale-pkg/database/schema/categories.sql.go:163.35,165.3 1 0
github.com/MamangRust/monolith-point-of-sale-pkg/database/schema/categories.sql.go:166.2,166.19 1 0
github.com/MamangRust/monolith-point-of-sale-pkg/database/schema/categories.sql.go:214.126,216.16 2 0
github.com/MamangRust/monolith-point-of-sale-pkg/database/schema/categories.sql.go:216.16,218.3 1 0
github.com/MamangRust/monolith-point-of-sale-pkg/database/schema/categories.sql.go:219.2,221.18 3 0
github.com/MamangRust/monolith-point-of-sale-pkg/database/schema/categories.sql.go:221.18,232.17 2 0
github.com/MamangRust/monolith-point-of-sale-pkg/database/schema/categories.sql.go:232.17,234.4 1 0
github.com/MamangRust/monolith-point-of-sale-pkg/database/schema/categories.sql.go:235.3,235.28 1 0
github.com/MamangRust/monolith-point-of-sale-pkg/database/schema/categories.sql.go:237.2,237.35 1 0
github.com/MamangRust/monolith-point-of-sale-pkg/database/schema/categories.sql.go:237.35,239.3 1 0
github.com/MamangRust/monolith-point-of-sale-pkg/database/schema/categories.sql.go:240.2,240.19 1 0
github.com/MamangRust/monolith-point-of-sale-pkg/database/schema/categories.sql.go:288.129,290.16 2 0
github.com/MamangRust/monolith-point-of-sale-pkg/database/schema/categories.sql.go:290.16,292.3 1 0
github.com/MamangRust/monolith-point-of-sale-pkg/database/schema/categories.sql.go:293.2,295.18 3 0
github.com/MamangRust/monolith-point-of-sale-pkg/database/schema/categories.sql.go:295.18,306.17 2 0
github.com/MamangRust/monolith-point-of-sale-pkg/database/schema/categories.sql.go:306.17,308.4 1 0
github.com/MamangRust/monolith-point-of-sale-pkg/database/schema/categories.sql.go:309.3,309.28 1 0
github.com/MamangRust/monolith-point-of-sale-pkg/database/schema/categories.sql.go:311.2,311.35 1 0
github.com/MamangRust/monolith-point-of-sale-pkg/database/schema/categories.sql.go:311.35,313.3 1 0
github.com/MamangRust/monolith-point-of-sale-pkg/database/schema/categories.sql.go:314.2,314.19 1 0
github.com/MamangRust/monolith-point-of-sale-pkg/database/schema/categories.sql.go:336.93,349.2 4 0
github.com/MamangRust/monolith-point-of-sale-pkg/database/schema/categories.sql.go:370.100,383.2 4 0
github.com/MamangRust/monolith-point-of-sale-pkg/database/schema/categories.sql.go:404.90,417.2 4 0
github.com/MamangRust/monolith-point-of-sale-pkg/database/schema/categories.sql.go:444.116,457.2 4 0
github.com/MamangRust/monolith-point-of-sale-pkg/database/schema/categories.sql.go:534.113,536.16 2 0
github.com/MamangRust/monolith-point-of-sale-pkg/database/schema/categories.sql.go:536.16,538.3 1 0
github.com/MamangRust/monolith-point-of-sale-pkg/database/schema/categories.sql.go:539.2,541.18 3 0
github.com/MamangRust/monolith-point-of-sale-pkg/database/schema/categories.sql.go:541.18,550.17 2 0
github.com/MamangRust/monolith-point-of-sale-pkg/database/schema/categories.sql.go:550.17,552.4 1 0
github.com/MamangRust/monolith-point-of-sale-pkg/database/schema/categories.sql.go:553.3,553.28 1 0
github.com/MamangRust/monolith-point-of-sale-pkg/database/schema/categories.sql.go:555.2,555.35 1 0
github.com/MamangRust/monolith-point-of-sale-pkg/database/schema/categories.sql.go:555.35,557.3 1 0
github.com/MamangRust/monolith-point-of-sale-pkg/database/schema/categories.sql.go:558.2,558.19 1 0
github.com/MamangRust/monolith-point-of-sale-pkg/database/schema/categories.sql.go:643.135,645.16 2 0
github.com/MamangRust/monolith-point-of-sale-pkg/database/schema/categories.sql.go:645.16,647.3 1 0
github.com/MamangRust/monolith-point-of-sale-pkg/database/schema/categories.sql.go:648.2,650.18 3 0
github.com/MamangRust/monolith-point-of-sale-pkg/database/schema/categories.sql.go:650.18,659.17 2 0
github.com/MamangRust/monolith-point-of-sale-pkg/database/schema/categories.sql.go:659.17,661.4 1 0
github.com/MamangRust/monolith-point-of-sale-pkg/database/schema/categories.sql.go:662.3,662.28 1 0
github.com/MamangRust/monolith-point-of-sale-pkg/database/schema/categories.sql.go:664.2,664.35 1 0
github.com/MamangRust/monolith-point-of-sale-pkg/database/schema/categories.sql.go:664.35,666.3 1 0
github.com/MamangRust/monolith-point-of-sale-pkg/database/schema/categories.sql.go:667.2,667.19 1 0
github.com/MamangRust/monolith-point-of-sale-pkg/database/schema/categories.sql.go:752.153,754.16 2 0
github.com/MamangRust/monolith-point-of-sale-pkg/database/schema/categories.sql.go:754.16,756.3 1 0
github.com/MamangRust/monolith-point-of-sale-pkg/database/schema/categories.sql.go:757.2,759.18 3 0
github.com/MamangRust/monolith-point-of-sale-pkg/database/schema/categories.sql.go:759.18,768.17 2 0
github.com/MamangRust/monolith-point-of-sale-pkg/database/schema/categories.sql.go:768.17,770.4 1 0
github.com/MamangRust/monolith-point-of-sale-pkg/database/schema/categories.sql.go:771.3,771.28 1 0
github.com/MamangRust/monolith-point-of-sale-pkg/database/schema/categories.sql.go:773.2,773.35 1 0
github.com/MamangRust/monolith-point-of-sale-pkg/database/schema/categories.sql.go:773.35,775.3 1 0
github.com/MamangRust/monolith-point-of-sale-pkg/database/schema/categories.sql.go:776.2,776.19 1 0
github.com/MamangRust/monolith-point-of-sale-pkg/database/schema/categories.sql.go:864.129,871.16 2 0
github.com/MamangRust/monolith-point-of-sale-pkg/database/schema/categories.sql.go:871.16,873.3 1 0
github.com/MamangRust/monolith-point-of-sale-pkg/database/schema/categories.sql.go:874.2,876.18 3 0
github.com/MamangRust/monolith-point-of-sale-pkg/database/schema/categories.sql.go:876.18,878.71 2 0
github.com/MamangRust/monolith-point-of-sale-pkg/database/schema/categories.sql.go:878.71,880.4 1 0
github.com/MamangRust/monolith-point-of-sale-pkg/database/schema/categories.sql.go:881.3,881.28 1 0
github.com/MamangRust/monolith-point-of-sale-pkg/database/schema/categories.sql.go:883.2,883.35 1 0
github.com/MamangRust/monolith-point-of-sale-pkg/database/schema/categories.sql.go:883.35,885.3 1 0
github.com/MamangRust/monolith-point-of-sale-pkg/database/schema/categories.sql.go:886.2,886.19 1 0
github.com/MamangRust/monolith-point-of-sale-pkg/database/schema/categories.sql.go:977.141,985.16 2 0
github.com/MamangRust/monolith-point-of-sale-pkg/database/schema/categories.sql.go:985.16,987.3 1 0
github.com/MamangRust/monolith-point-of-sale-pkg/database/schema/categories.sql.go:988.2,990.18 3 0
github.com/MamangRust/monolith-point-of-sale-pkg/database/schema/categories.sql.go:990.18,992.71 2 0
github.com/MamangRust/monolith-point-of-sale-pkg/database/schema/categories.sql.go:992.71,994.4 1 0
github.com/MamangRust/monolith-point-of-sale-pkg/database/schema/categories.sql.go:995.3,995.28 1 0
github.com/MamangRust/monolith-point-of-sale-pkg/database/schema/categories.sql.go:997.2,997.35 1 0
github.com/MamangRust/monolith-point-of-sale-pkg/database/schema/categories.sql.go:997.35,999.3 1 0
github.com/MamangRust/monolith-point-of-sale-pkg/database/schema/categories.sql.go:1000.2,1000.19 1 0
github.com/MamangRust/monolith-point-of-sale-pkg/database/schema/categories.sql.go:1091.159,1099.16 2 0
github.com/MamangRust/monolith-point-of-sale-pkg/database/schema/categories.sql.go:1099.16,1101.3 1 0
github.com/MamangRust/monolith-point-of-sale-pkg/database/schema/categories.sql.go:1102.2,1104.18 3 0
github.com/MamangRust/monolith-point-of-sale-pkg/database/schema/categories.sql.go:1104.18,1106.71 2 0
github.com/MamangRust/monolith-point-of-sale-pkg/database/schema/categories.sql.go:1106.71,1108.4 1 0
github.com/MamangRust/monolith-point-of-sale-pkg/database/schema/categories.sql.go:1109.3,1109.28 1 0
github.com/MamangRust/monolith-point-of-sale-pkg/database/schema/categories.sql.go:1111.2,1111.35 1 0
github.com/MamangRust/monolith-point-of-sale-pkg/database/schema/categories.sql.go:1111.35,1113.3 1 0
github.com/MamangRust/monolith-point-of-sale-pkg/database/schema/categories.sql.go:1114.2,1114.19 1 0
github.com/MamangRust/monolith-point-of-sale-pkg/database/schema/categories.sql.go:1190.111,1192.16 2 0
github.com/MamangRust/monolith-point-of-sale-pkg/database/schema/categories.sql.go:1192.16,1194.3 1 0
github.com/MamangRust/monolith-point-of-sale-pkg/database/schema/categories.sql.go:1195.2,1197.18 3 0
github.com/MamangRust/monolith-point-of-sale-pkg/database/schema/categories.sql.go:1197.18,1207.17 2 0
github.com/MamangRust/monolith-point-of-sale-pkg/database/schema/categories.sql.go:1207.17,1209.4 1 0
github.com/MamangRust/monolith-point-of-sale-pkg/database/schema/categories.sql.go:1210.3,1210.28 1 0
github.com/MamangRust/monolith-point-of-sale-pkg/database/schema/categories.sql.go:1212.2,1212.35 1 0
github.com/MamangRust/monolith-point-of-sale-pkg/database/schema/categories.sql.go:1212.35,1214.3 1 0
github.com/MamangRust/monolith-point-of-sale-pkg/database/schema/categories.sql.go:1215.2,1215.19 1 0
github.com/MamangRust/monolith-point-of-sale-pkg/database/schema/categories.sql.go:1298.132,1300.16 2 0
github.com/MamangRust/monolith-point-of-sale-pkg/database/schema/categories.sql.go:1300.16,1302.3 1 0
github.com/MamangRust/monolith-point-of-sale-pkg/database/schema/categories.sql.go:1303.2,1305.18 3 0
github.com/MamangRust/monolith-point-of-sale-pkg/database/schema/categories.sql.go:1305.18,1315.17 2 0
github.com/MamangRust/monolith-point-of-sale-pkg/database/schema/categories.sql.go:1315.17,1317.4 1 0
github.com/MamangRust/monolith-point-of-sale-pkg/database/schema/categories.sql.go:1318.3,1318.28 1 0
github.com/MamangRust/monolith-point-of-sale-pkg/database/schema/categories.sql.go:1320.2,1320.35 1 0
github.com/MamangRust/monolith-point-of-sale-pkg/database/schema/categories.sql.go:1320.35,1322.3 1 0
github.com/MamangRust/monolith-point-of-sale-pkg/database/schema/categories.sql.go:1323.2,1323.19 1 0
github.com/MamangRust/monolith-point-of-sale-pkg/database/schema/categories.sql.go:1406.150,1408.16 2 0
github.com/MamangRust/monolith-point-of-sale-pkg/database/schema/categories.sql.go:1408.16,1410.3 1 0
github.com/MamangRust/monolith-point-of-sale-pkg/database/schema/categories.sql.go:1411.2,1413.18 3 0
github.com/MamangRust/monolith-point-of-sale-pkg/database/schema/categories.sql.go:1413.18,1423.17 2 0
github.com/MamangRust/monolith-point-of-sale-pkg/database/schema/categories.sql.go:1423.17,1425.4 1 0
github.com/MamangRust/monolith-point-of-sale-pkg/database/schema/categories.sql.go:1426.3,1426.28 1 0
github.com/MamangRust/monolith-point-of-sale-pkg/database/schema/categories.sql.go:1428.2,1428.35 1 0
github.com/MamangRust/monolith-point-of-sale-pkg/database/schema/categories.sql.go:1428.35,1430.3 1 0
github.com/MamangRust/monolith-point-of-sale-pkg/database/schema/categories.sql.go:1431.2,1431.19 1 0
github.com/MamangRust/monolith-point-of-sale-pkg/database/schema/categories.sql.go:1497.111,1499.16 2 0
github.com/MamangRust/monolith-point-of-sale-pkg/database/schema/categories.sql.go:1499.16,1501.3 1 0
github.com/MamangRust/monolith-point-of-sale-pkg/database/schema/categories.sql.go:1502.2,1504.18 3 0
github.com/MamangRust/monolith-point-of-sale-pkg/database/schema/categories.sql.go:1504.18,1506.61 2 0
github.com/MamangRust/monolith-point-of-sale-pkg/database/schema/categories.sql.go:1506.61,1508.4 1 0
github.com/MamangRust/monolith-point-of-sale-pkg/database/schema/categories.sql.go:1509.3,1509.28 1 0
github.com/MamangRust/monolith-point-of-sale-pkg/database/schema/categories.sql.go:1511.2,1511.35 1 0
github.com/MamangRust/monolith-point-of-sale-pkg/database/schema/categories.sql.go:1511.35,1513.3 1 0
github.com/MamangRust/monolith-point-of-sale-pkg/database/schema/categories.sql.go:1514.2,1514.19 1 0
github.com/MamangRust/monolith-point-of-sale-pkg/database/schema/categories.sql.go:1587.138,1589.16 2 0
github.com/MamangRust/monolith-point-of-sale-pkg/database/schema/categories.sql.go:1589.16,1591.3 1 0
github.com/MamangRust/monolith-point-of-sale-pkg/database/schema/categories.sql.go:1592.2,1594.18 3 0
github.com/MamangRust/monolith-point-of-sale-pkg/database/schema/categories.sql.go:1594.18,1596.61 2 0
github.com/MamangRust/monolith-point-of-sale-pkg/database/schema/categories.sql.go:1596.61,1598.4 1 0
github.com/MamangRust/monolith-point-of-sale-pkg/database/schema/categories.sql.go:1599.3,1599.28 1 0
github.com/MamangRust/monolith-point-of-sale-pkg/database/schema/categories.sql.go:1601.2,1601.35 1 0
github.com/MamangRust/monolith-point-of-sale-pkg/database/schema/categories.sql.go:1601.35,1603.3 1 0
github.com/MamangRust/monolith-point-of-sale-pkg/database/schema/categories.sql.go:1604.2,1604.19 1 0
github.com/MamangRust/monolith-point-of-sale-pkg/database/schema/categories.sql.go:1677.156,1679.16 2 0
github.com/MamangRust/monolith-point-of-sale-pkg/database/schema/categories.sql.go:1679.16,1681.3 1 0
github.com/MamangRust/monolith-point-of-sale-pkg/database/schema/categories.sql.go:1682.2,1684.18 3 0
github.com/MamangRust/monolith-point-of-sale-pkg/database/schema/categories.sql.go:1684.18,1686.61 2 0
github.com/MamangRust/monolith-point-of-sale-pkg/database/schema/categories.sql.go:1686.61,1688.4 1 0
github.com/MamangRust/monolith-point-of-sale-pkg/database/schema/categories.sql.go:1689.3,1689.28 1 0
github.com/MamangRust/monolith-point-of-sale-pkg/database/schema/categories.sql.go:1691.2,1691.35 1 0
github.com/MamangRust/monolith-point-of-sale-pkg/database/schema/categories.sql.go:1691.35,1693.3 1 0
github.com/MamangRust/monolith-point-of-sale-pkg/database/schema/categories.sql.go:1694.2,1694.19 1 0
github.com/MamangRust/monolith-point-of-sale-pkg/database/schema/categories.sql.go:1711.67,1714.2 2 0
github.com/MamangRust/monolith-point-of-sale-pkg/database/schema/categories.sql.go:1738.93,1751.2 4 0
github.com/MamangRust/monolith-point-of-sale-pkg/database/schema/categories.sql.go:1776.91,1789.2 4 0
github.com/MamangRust/monolith-point-of-sale-pkg/database/schema/categories.sql.go:1825.100,1843.2 4 0
github.com/MamangRust/monolith-point-of-sale-pkg/database/schema/consumer_inbox.sql.go:27.111,30.2 2 0
github.com/MamangRust/monolith-point-of-sale-pkg/database/schema/consumer_inbox.sql.go:48.99,56.2 2 0
github.com/MamangRust/monolith-point-of-sale-pkg/database/schema/consumer_inbox.sql.go:109.127,120.2 4 0
github.com/MamangRust/monolith-point-of-sale-pkg/database/schema/db.go:20.28,22.2 1 0
github.com/MamangRust/monolith-point-of-sale-pkg/database/schema/db.go:28.46,32.2 1 0
github.com/MamangRust/monolith-point-of-sale-pkg/database/schema/merchant.sql.go:47.100,72.2 4 0
github.com/MamangRust/monolith-point-of-sale-pkg/database/schema/merchant.sql.go:87.74,90.2 2 0
github.com/MamangRust/monolith-point-of-sale-pkg/database/schema/merchant.sql.go:107.90,110.2 2 0
github.com/MamangRust/monolith-point-of-sale-pkg/database/schema/merchant.sql.go:130.93,147.2 4 0
github.com/MamangRust/monolith-point-of-sale-pkg/database/schema/merchant.sql.go:199.105,201.16 2 0
github.com/MamangRust/monolith-point-of-sale-pkg/database/schema/merchant.sql.go:201.16,203.3 1 0
github.com/MamangRust/monolith-point-of-sale-pkg/database/schema/merchant.sql.go:204.2,206.18 3 0
github.com/MamangRust/monolith-point-of-sale-pkg/database/schema/merchant.sql.go:206.18,221.17 2 0
github.com/MamangRust/monolith-point-of-sale-pkg/database/schema/merchant.sql.go:221.17,223.4 1 0
github.com/MamangRust/monolith-point-of-sale-pkg/database/schema/merchant.sql.go:224.3,224.28 1 0
github.com/MamangRust/monolith-point-of-sale-pkg/database/schema/merchant.sql.go:226.2,226.35 1 0
github.com/MamangRust/monolith-point-of-sale-pkg/database/schema/merchant.sql.go:226.35,228.3 1 0
github.com/MamangRust/monolith-point-of-sale-pkg/database/schema/merchant.sql.go:229.2,229.19 1 0
github.com/MamangRust/monolith-point-of-sale-pkg/database/schema/merchant.sql.go:281.123,283.16 2 0
github.com/MamangRust/monolith-point-of-sale-pkg/database/schema/merchant.sql.go:283.16,285.3 1 0
github.com/MamangRust/monolith-point-of-sale-pkg/database/schema/merchant.sql.go:286.2,288.18 3 0
github.com/MamangRust/monolith-point-of-sale-pkg/database/schema/merchant.sql.go:288.18,303.17 2 0
github.com/MamangRust/monolith-point-of-sale-pkg/database/schema/merchant.sql.go:303.17,305.4 1 0
github.com/MamangRust/monolith-point-of-sale-pkg/database/schema/merchant.sql.go:306.3,306.28 1 0
github.com/MamangRust/monolith-point-of-sale-pkg/database/schema/merchant.sql.go:308.2,308.35 1 0
github.com/MamangRust/monolith-point-of-sale-pkg/database/schema/merchant.sql.go:308.35,310.3 1 0
github.com/MamangRust/monolith-point-of-sale-pkg/database/schema/merchant.sql.go:311.2,311.19 1 0
github.com/MamangRust/monolith-point-of-sale-pkg/database/schema/merchant.sql.go:364.126,366.16 2 0
github.com/MamangRust/monolith-point-of-sale-pkg/database/schema/merchant.sql.go:366.16,368.3 1 0
github.com/MamangRust/monolith-point-of-sale-pkg/database/schema/merchant.sql.go:369.2,371.18 3 0
github.com/MamangRust/monolith-point-of-sale-pkg/database/schema/merchant.sql.go:371.18,386.17 2 0
github.com/MamangRust/monolith-point-of-sale-pkg/database/schema/merchant.sql.go:386.17,388.4 1 0
github.com/MamangRust/monolith-point-of-sale-pkg/database/schema/merchant.sql.go:389.3,389.28 1 0
github.com/MamangRust/monolith-point-of-sale-pkg/database/schema/merchant.sql.go:391.2,391.35 1 0
github.com/MamangRust/monolith-point-of-sale-pkg/database/schema/merchant.sql.go:391.35,393.3 1 0
github.com/MamangRust/monolith-point-of-sale-pkg/database/schema/merchant.sql.go:394.2,394.19 1 0
github.com/MamangRust/monolith-point-of-sale-pkg/database/schema/merchant.sql.go:412.66,415.2 2 0
github.com/MamangRust/monolith-point-of-sale-pkg/database/schema/merchant.sql.go:439.93,456.2 4 0
github.com/MamangRust/monolith-point-of-sale-pkg/database/schema/merchant.sql.go:480.91,497.2 4 0
github.com/MamangRust/monolith-point-of-sale-pkg/database/schema/merchant.sql.go:541.100,566.2 4 0
github.com/MamangRust/monolith-point-of-sale-pkg/database/schema/merchant.sql.go:582.112,599.2 4 0
github.com/MamangRust/monolith-point-of-sale-pkg/database/schema/merchant_document.sql.go:31.124,53.2 4 0
github.com/MamangRust/monolith-point-of-sale-pkg/database/schema/merchant_document.sql.go:60.82,63.2 2 0
github.com/MamangRust/monolith-point-of-sale-pkg/database/schema/merchant_document.sql.go:71.98,74.2 2 0
github.com/MamangRust/monolith-point-of-sale-pkg/database/schema/merchant_document.sql.go:110.147,112.16 2 0
github.com/MamangRust/monolith-point-of-sale-pkg/database/schema/merchant_document.sql.go:112.16,114.3 1 0
github.com/MamangRust/monolith-point-of-sale-pkg/database/schema/merchant_document.sql.go:115.2,117.18 3 0
github.com/MamangRust/monolith-point-of-sale-pkg/database/schema/merchant_document.sql.go:117.18,131.17 2 0
github.com/MamangRust/monolith-point-of-sale-pkg/database/schema/merchant_document.sql.go:131.17,133.4 1 0
github.com/MamangRust/monolith-point-of-sale-pkg/database/schema/merchant_document.sql.go:134.3,134.28 1 0
github.com/MamangRust/monolith-point-of-sale-pkg/database/schema/merchant_document.sql.go:136.2,136.35 1 0
github.com/MamangRust/monolith-point-of-sale-pkg/database/schema/merchant_document.sql.go:136.35,138.3 1 0
github.com/MamangRust/monolith-point-of-sale-pkg/database/schema/merchant_document.sql.go:139.2,139.19 1 0
github.com/MamangRust/monolith-point-of-sale-pkg/database/schema/merchant_document.sql.go:148.105,164.2 4 0
github.com/MamangRust/monolith-point-of-sale-pkg/database/schema/merchant_document.sql.go:200.129,202.16 2 0
github.com/MamangRust/monolith-point-of-sale-pkg/database/schema/merchant_document.sql.go:202.16,204.3 1 0
github.com/MamangRust/monolith-point-of-sale-pkg/database/schema/merchant_document.sql.go:205.2,207.18 3 0
github.com/MamangRust/monolith-point-of-sale-pkg/database/schema/merchant_document.sql.go:207.18,221.17 2 0
github.com/MamangRust/monolith-point-of-sale-pkg/database/schema/merchant_document.sql.go:221.17,223.4 1 0
github.com/MamangRust/monolith-point-of-sale-pkg/database/schema/merchant_document.sql.go:224.3,224.28 1 0
github.com/MamangRust/monolith-point-of-sale-pkg/database/schema/merchant_document.sql.go:226.2,226.35 1 0
github.com/MamangRust/monolith-point-of-sale-pkg/database/schema/merchant_document.sql.go:226.35,228.3 1 0
github.com/MamangRust/monolith-point-of-sale-pkg/database/schema/merchant_document.sql.go:229.2,229.19 1 0
github.com/MamangRust/monolith-point-of-sale-pkg/database/schema/merchant_document.sql.go:266.150,268.16 2 0
github.com/MamangRust/monolith-point-of-sale-pkg/database/schema/merchant_document.sql.go:268.16,270.3 1 0
github.com/MamangRust/monolith-point-of-sale-pkg/database/schema/merchant_document.sql.go:271.2,273.18 3 0
github.com/MamangRust/monolith-point-of-sale-pkg/database/schema/merchant_document.sql.go:273.18,287.17 2 0
github.com/MamangRust/monolith-point-of-sale-pkg/database/schema/merchant_document.sql.go:287.17,289.4 1 0
github.com/MamangRust/monolith-point-of-sale-pkg/database/schema/merchant_document.sql.go:290.3,290.28 1 0
github.com/MamangRust/monolith-point-of-sale-pkg/database/schema/merchant_document.sql.go:292.2,292.35 1 0
github.com/MamangRust/monolith-point-of-sale-pkg/database/schema/merchant_document.sql.go:292.35,294.3 1 0
github.com/MamangRust/monolith-point-of-sale-pkg/database/schema/merchant_document.sql.go:295.2,295.19 1 0
github.com/MamangRust/monolith-point-of-sale-pkg/database/schema/merchant_document.sql.go:304.74,307.2 2 0
github.com/MamangRust/monolith-point-of-sale-pkg/database/schema/merchant_document.sql.go:318.109,334.2 4 0
github.com/MamangRust/monolith-point-of-sale-pkg/database/schema/merchant_document.sql.go:345.107,361.2 4 0
github.com/MamangRust/monolith-point-of-sale-pkg/database/schema/merchant_document.sql.go:384.124,406.2 4 0
github.com/MamangRust/monolith-point-of-sale-pkg/database/schema/merchant_document.sql.go:425.136,441.2 4 0
github.com/MamangRust/monolith-point-of-sale-pkg/database/schema/order_items.sql.go:33.90,38.2 4 0
github.com/MamangRust/monolith-point-of-sale-pkg/database/schema/order_items.sql.go:68.103,87.2 4 0
github.com/MamangRust/monolith-point-of-sale-pkg/database/schema/order_items.sql.go:102.75,105.2 2 0
github.com/MamangRust/monolith-point-of-sale-pkg/database/schema/order_items.sql.go:114.81,117.2 2 0
github.com/MamangRust/monolith-point-of-sale-pkg/database/schema/order_items.sql.go:133.92,136.2 2 0
github.com/MamangRust/monolith-point-of-sale-pkg/database/schema/order_items.sql.go:150.85,153.2 2 0
github.com/MamangRust/monolith-point-of-sale-pkg/database/schema/order_items.sql.go:201.108,203.16 2 0
github.com/MamangRust/monolith-point-of-sale-pkg/database/schema/order_items.sql.go:203.16,205.3 1 0
github.com/MamangRust/monolith-point-of-sale-pkg/database/schema/order_items.sql.go:206.2,208.18 3 0
github.com/MamangRust/monolith-point-of-sale-pkg/database/schema/order_items.sql.go:208.18,220.17 2 0
github.com/MamangRust/monolith-point-of-sale-pkg/database/schema/order_items.sql.go:220.17,222.4 1 0
github.com/MamangRust/monolith-point-of-sale-pkg/database/schema/order_items.sql.go:223.3,223.28 1 0
github.com/MamangRust/monolith-point-of-sale-pkg/database/schema/order_items.sql.go:225.2,225.35 1 0
github.com/MamangRust/monolith-point-of-sale-pkg/database/schema/order_items.sql.go:225.35,227.3 1 0
github.com/MamangRust/monolith-point-of-sale-pkg/database/schema/order_items.sql.go:228.2,228.19 1 0
github.com/MamangRust/monolith-point-of-sale-pkg/database/schema/order_items.sql.go:275.126,277.16 2 0
github.com/MamangRust/monolith-point-of-sale-pkg/database/schema/order_items.sql.go:277.16,279.3 1 0
github.com/MamangRust/monolith-point-of-sale-pkg/database/schema/order_items.sql.go:280.2,282.18 3 0
github.com/MamangRust/monolith-point-of-sale-pkg/database/schema/order_items.sql.go:282.18,294.17 2 0
github.com/MamangRust/monolith-point-of-sale-pkg/database/schema/order_items.sql.go:294.17,296.4 1 0
github.com/MamangRust/monolith-point-of-sale-pkg/database/schema/order_items.sql.go:297.3,297.28 1 0
github.com/MamangRust/monolith-point-of-sale-pkg/database/schema/order_items.sql.go:299.2,299.35 1 0
github.com/MamangRust/monolith-point-of-sale-pkg/database/schema/order_items.sql.go:299.35,301.3 1 0
github.com/MamangRust/monolith-point-of-sale-pkg/database/schema/order_items.sql.go:302.2,302.19 1 0
github.com/MamangRust/monolith-point-of-sale-pkg/database/schema/order_items.sql.go:324.98,326.16 2 0
github.com/MamangRust/monolith-point-of-sale-pkg/database/schema/order_items.sql.go:326.16,328.3 1 0
github.com/MamangRust/monolith-point-of-sale-pkg/database/schema/order_items.sql.go:329.2,331.18 3 0
github.com/MamangRust/monolith-point-of-sale-pkg/database/schema/order_items.sql.go:331.18,342.17 2 0
github.com/MamangRust/monolith-point-of-sale-pkg/database/schema/order_items.sql.go:342.17,344.4 1 0
github.com/MamangRust/monolith-point-of-sale-pkg/database/schema/order_items.sql.go:345.3,345.28 1 0
github.com/MamangRust/monolith-point-of-sale-pkg/database/schema/order_items.sql.go:347.2,347.35 1 0
github.com/MamangRust/monolith-point-of-sale-pkg/database/schema/order_items.sql.go:347.35,349.3 1 0
github.com/MamangRust/monolith-point-of-sale-pkg/database/schema/order_items.sql.go:350.2,350.19 1 0
github.com/MamangRust/monolith-point-of-sale-pkg/database/schema/order_items.sql.go:399.129,401.16 2 0
github.com/MamangRust/monolith-point-of-sale-pkg/database/schema/order_items.sql.go:401.16,403.3 1 0
github.com/MamangRust/monolith-point-of-sale-pkg/database/schema/order_items.sql.go:404.2,406.18 3 0
github.com/MamangRust/monolith-point-of-sale-pkg/database/schema/order_items.sql.go:406.18,418.17 2 0
github.com/MamangRust/monolith-point-of-sale-pkg/database/schema/order_items.sql.go:418.17,420.4 1 0
github.com/MamangRust/monolith-point-of-sale-pkg/database/schema/order_items.sql.go:421.3,421.28 1 0
github.com/MamangRust/monolith-point-of-sale-pkg/database/schema/order_items.sql.go:423.2,423.35 1 0
github.com/MamangRust/monolith-point-of-sale-pkg/database/schema/order_items.sql.go:423.35,425.3 1 0
github.com/MamangRust/monolith-point-of-sale-pkg/database/schema/order_items.sql.go:426.2,426.19 1 0
github.com/MamangRust/monolith-point-of-sale-pkg/database/schema/order_items.sql.go:462.103,481.2 4 0
github.com/MamangRust/monolith-point-of-sale-pkg/database/schema/orders.sql.go:41.91,54.2 4 0
github.com/MamangRust/monolith-point-of-sale-pkg/database/schema/orders.sql.go:75.92,77.2 1 0
github.com/MamangRust/monolith-point-of-sale-pkg/database/schema/orders.sql.go:86.73,89.2 2 0
github.com/MamangRust/monolith-point-of-sale-pkg/database/schema/orders.sql.go:147.114,160.2 4 0
github.com/MamangRust/monolith-point-of-sale-pkg/database/schema/orders.sql.go:170.78,172.16 2 0
github.com/MamangRust/monolith-point-of-sale-pkg/database/schema/orders.sql.go:172.16,174.3 1 0
github.com/MamangRust/monolith-point-of-sale-pkg/database/schema/orders.sql.go:175.2,177.18 3 0
github.com/MamangRust/monolith-point-of-sale-pkg/database/schema/orders.sql.go:177.18,187.17 2 0
github.com/MamangRust/monolith-point-of-sale-pkg/database/schema/orders.sql.go:187.17,189.4 1 0
github.com/MamangRust/monolith-point-of-sale-pkg/database/schema/orders.sql.go:190.3,190.28 1 0
github.com/MamangRust/monolith-point-of-sale-pkg/database/schema/orders.sql.go:192.2,192.35 1 0
github.com/MamangRust/monolith-point-of-sale-pkg/database/schema/orders.sql.go:192.35,194.3 1 0
github.com/MamangRust/monolith-point-of-sale-pkg/database/schema/orders.sql.go:195.2,195.19 1 0
github.com/MamangRust/monolith-point-of-sale-pkg/database/schema/orders.sql.go:259.107,261.16 2 0
github.com/MamangRust/monolith-point-of-sale-pkg/database/schema/orders.sql.go:261.16,263.3 1 0
github.com/MamangRust/monolith-point-of-sale-pkg/database/schema/orders.sql.go:264.2,266.18 3 0
github.com/MamangRust/monolith-point-of-sale-pkg/database/schema/orders.sql.go:266.18,273.17 2 0
github.com/MamangRust/monolith-point-of-sale-pkg/database/schema/orders.sql.go:273.17,275.4 1 0
github.com/MamangRust/monolith-point-of-sale-pkg/database/schema/orders.sql.go:276.3,276.28 1 0
github.com/MamangRust/monolith-point-of-sale-pkg/database/schema/orders.sql.go:278.2,278.35 1 0
github.com/MamangRust/monolith-point-of-sale-pkg/database/schema/orders.sql.go:278.35,280.3 1 0
github.com/MamangRust/monolith-point-of-sale-pkg/database/schema/orders.sql.go:281.2,281.19 1 0
github.com/MamangRust/monolith-point-of-sale-pkg/database/schema/orders.sql.go:352.144,354.16 2 0
github.com/MamangRust/monolith-point-of-sale-pkg/database/schema/orders.sql.go:354.16,356.3 1 0
github.com/MamangRust/monolith-point-of-sale-pkg/database/schema/orders.sql.go:357.2,359.18 3 0
github.com/MamangRust/monolith-point-of-sale-pkg/database/schema/orders.sql.go:359.18,366.17 2 0
github.com/MamangRust/monolith-point-of-sale-pkg/database/schema/orders.sql.go:366.17,368.4 1 0
github.com/MamangRust/monolith-point-of-sale-pkg/database/schema/orders.sql.go:369.3,369.28 1 0
github.com/MamangRust/monolith-point-of-sale-pkg/database/schema/orders.sql.go:371.2,371.35 1 0
github.com/MamangRust/monolith-point-of-sale-pkg/database/schema/orders.sql.go:371.35,373.3 1 0
github.com/MamangRust/monolith-point-of-sale-pkg/database/schema/orders.sql.go:374.2,374.19 1 0
github.com/MamangRust/monolith-point-of-sale-pkg/database/schema/orders.sql.go:458.135,465.16 2 0
github.com/MamangRust/monolith-point-of-sale-pkg/database/schema/orders.sql.go:465.16,467.3 1 0
github.com/MamangRust/monolith-point-of-sale-pkg/database/schema/orders.sql.go:468.2,470.18 3 0
github.com/MamangRust/monolith-point-of-sale-pkg/database/schema/orders.sql.go:470.18,472.71 2 0
github.com/MamangRust/monolith-point-of-sale-pkg/database/schema/orders.sql.go:472.71,474.4 1 0
github.com/MamangRust/monolith-point-of-sale-pkg/database/schema/orders.sql.go:475.3,475.28 1 0
github.com/MamangRust/monolith-point-of-sale-pkg/database/schema/orders.sql.go:477.2,477.35 1 0
github.com/MamangRust/monolith-point-of-sale-pkg/database/schema/orders.sql.go:477.35,479.3 1 0
github.com/MamangRust/monolith-point-of-sale-pkg/database/schema/orders.sql.go:480.2,480.19 1 0
github.com/MamangRust/monolith-point-of-sale-pkg/database/schema/orders.sql.go:567.147,575.16 2 0
github.com/MamangRust/monolith-point-of-sale-pkg/database/schema/orders.sql.go:575.16,577.3 1 0
github.com/MamangRust/monolith-point-of-sale-pkg/database/schema/orders.sql.go:578.2,580.18 3 0
github.com/MamangRust/monolith-point-of-sale-pkg/database/schema/orders.sql.go:580.18,582.71 2 0
github.com/MamangRust/monolith-point-of-sale-pkg/database/schema/orders.sql.go:582.71,584.4 1 0
github.com/MamangRust/monolith-point-of-sale-pkg/database/schema/orders.sql.go:585.3,585.28 1 0
github.com/MamangRust/monolith-point-of-sale-pkg/database/schema/orders.sql.go:587.2,587.35 1 0
github.com/MamangRust/monolith-point-of-sale-pkg/database/schema/orders.sql.go:587.35,589.3 1 0
github.com/MamangRust/monolith-point-of-sale-pkg/database/schema/orders.sql.go:590.2,590.19 1 0
github.com/MamangRust/monolith-point-of-sale-pkg/database/schema/orders.sql.go:677.165,685.16 2 0
github.com/MamangRust/monolith-point-of-sale-pkg/database/schema/orders.sql.go:685.16,687.3 1 0
github.com/MamangRust/monolith-point-of-sale-pkg/database/schema/orders.sql.go:688.2,690.18 3 0
github.com/MamangRust/monolith-point-of-sale-pkg/database/schema/orders.sql.go:690.18,692.71 2 0
github.com/MamangRust/monolith-point-of-sale-pkg/database/schema/orders.sql.go:692.71,694.4 1 0
github.com/MamangRust/monolith-point-of-sale-pkg/database/schema/orders.sql.go:695.3,695.28 1 0
github.com/MamangRust/monolith-point-of-sale-pkg/database/schema/orders.sql.go:697.2,697.35 1 0
github.com/MamangRust/monolith-point-of-sale-pkg/database/schema/orders.sql.go:697.35,699.3 1 0
github.com/MamangRust/monolith-point-of-sale-pkg/database/schema/orders.sql.go:700.2,700.19 1 0
github.com/MamangRust/monolith-point-of-sale-pkg/database/schema/orders.sql.go:721.84,734.2 4 0
github.com/MamangRust/monolith-point-of-sale-pkg/database/schema/orders.sql.go:743.91,756.2 4 0
github.com/MamangRust/monolith-point-of-sale-pkg/database/schema/orders.sql.go:804.96,806.16 2 0
github.com/MamangRust/monolith-point-of-sale-pkg/database/schema/orders.sql.go:806.16,808.3 1 0
github.com/MamangRust/monolith-point-of-sale-pkg/database/schema/orders.sql.go:809.2,811.18 3 0
github.com/MamangRust/monolith-point-of-sale-pkg/database/schema/orders.sql.go:811.18,822.17 2 0
github.com/MamangRust/monolith-point-of-sale-pkg/database/schema/orders.sql.go:822.17,824.4 1 0
github.com/MamangRust/monolith-point-of-sale-pkg/database/schema/orders.sql.go:825.3,825.28 1 0
github.com/MamangRust/monolith-point-of-sale-pkg/database/schema/orders.sql.go:827.2,827.35 1 0
github.com/MamangRust/monolith-point-of-sale-pkg/database/schema/orders.sql.go:827.35,829.3 1 0
github.com/MamangRust/monolith-point-of-sale-pkg/database/schema/orders.sql.go:830.2,830.19 1 0
github.com/MamangRust/monolith-point-of-sale-pkg/database/schema/orders.sql.go:878.114,880.16 2 0
github.com/MamangRust/monolith-point-of-sale-pkg/database/schema/orders.sql.go:880.16,882.3 1 0
github.com/MamangRust/monolith-point-of-sale-pkg/database/schema/orders.sql.go:883.2,885.18 3 0
github.com/MamangRust/monolith-point-of-sale-pkg/database/schema/orders.sql.go:885.18,896.17 2 0
github.com/MamangRust/monolith-point-of-sale-pkg/database/schema/orders.sql.go:896.17,898.4 1 0
github.com/MamangRust/monolith-point-of-sale-pkg/database/schema/orders.sql.go:899.3,899.28 1 0
github.com/MamangRust/monolith-point-of-sale-pkg/database/schema/orders.sql.go:901.2,901.35 1 0
github.com/MamangRust/monolith-point-of-sale-pkg/database/schema/orders.sql.go:901.35,903.3 1 0
github.com/MamangRust/monolith-point-of-sale-pkg/database/schema/orders.sql.go:904.2,904.19 1 0
github.com/MamangRust/monolith-point-of-sale-pkg/database/schema/orders.sql.go:956.126,963.16 2 0
github.com/MamangRust/monolith-point-of-sale-pkg/database/schema/orders.sql.go:963.16,965.3 1 0
github.com/MamangRust/monolith-point-of-sale-pkg/database/schema/orders.sql.go:966.2,968.18 3 0
github.com/MamangRust/monolith-point-of-sale-pkg/database/schema/orders.sql.go:968.18,979.17 2 0
github.com/MamangRust/monolith-point-of-sale-pkg/database/schema/orders.sql.go:979.17,981.4 1 0
github.com/MamangRust/monolith-point-of-sale-pkg/database/schema/orders.sql.go:982.3,982.28 1 0
github.com/MamangRust/monolith-point-of-sale-pkg/database/schema/orders.sql.go:984.2,984.35 1 0
github.com/MamangRust/monolith-point-of-sale-pkg/database/schema/orders.sql.go:984.35,986.3 1 0
github.com/MamangRust/monolith-point-of-sale-pkg/database/schema/orders.sql.go:987.2,987.19 1 0
github.com/MamangRust/monolith-point-of-sale-pkg/database/schema/orders.sql.go:1036.117,1038.16 2 0
github.com/MamangRust/monolith-point-of-sale-pkg/database/schema/orders.sql.go:1038.16,1040.3 1 0
github.com/MamangRust/monolith-point-of-sale-pkg/database/schema/orders.sql.go:1041.2,1043.18 3 0
github.com/MamangRust/monolith-point-of-sale-pkg/database/schema/orders.sql.go:1043.18,1054.17 2 0
github.com/MamangRust/monolith-point-of-sale-pkg/database/schema/orders.sql.go:1054.17,1056.4 1 0
github.com/MamangRust/monolith-point-of-sale-pkg/database/schema/orders.sql.go:1057.3,1057.28 1 0
github.com/MamangRust/monolith-point-of-sale-pkg/database/schema/orders.sql.go:1059.2,1059.35 1 0
github.com/MamangRust/monolith-point-of-sale-pkg/database/schema/orders.sql.go:1059.35,1061.3 1 0
github.com/MamangRust/monolith-point-of-sale-pkg/database/schema/orders.sql.go:1062.2,1062.19 1 0
github.com/MamangRust/monolith-point-of-sale-pkg/database/schema/orders.sql.go:1128.105,1130.16 2 0
github.com/MamangRust/monolith-point-of-sale-pkg/database/schema/orders.sql.go:1130.16,1132.3 1 0
github.com/MamangRust/monolith-point-of-sale-pkg/database/schema/orders.sql.go:1133.2,1135.18 3 0
github.com/MamangRust/monolith-point-of-sale-pkg/database/schema/orders.sql.go:1135.18,1144.17 2 0
github.com/MamangRust/monolith-point-of-sale-pkg/database/schema/orders.sql.go:1144.17,1146.4 1 0
github.com/MamangRust/monolith-point-of-sale-pkg/database/schema/orders.sql.go:1147.3,1147.28 1 0
github.com/MamangRust/monolith-point-of-sale-pkg/database/schema/orders.sql.go:1149.2,1149.35 1 0
github.com/MamangRust/monolith-point-of-sale-pkg/database/schema/orders.sql.go:1149.35,1151.3 1 0
github.com/MamangRust/monolith-point-of-sale-pkg/database/schema/orders.sql.go:1152.2,1152.19 1 0
github.com/MamangRust/monolith-point-of-sale-pkg/database/schema/orders.sql.go:1224.141,1226.16 2 0
github.com/MamangRust/monolith-point-of-sale-pkg/database/schema/orders.sql.go:1226.16,1228.3 1 0
github.com/MamangRust/monolith-point-of-sale-pkg/database/schema/orders.sql.go:1229.2,1231.18 3 0
github.com/MamangRust/monolith-point-of-sale-pkg/database/schema/orders.sql.go:1231.18,1240.17 2 0
github.com/MamangRust/monolith-point-of-sale-pkg/database/schema/orders.sql.go:1240.17,1242.4 1 0
github.com/MamangRust/monolith-point-of-sale-pkg/database/schema/orders.sql.go:1243.3,1243.28 1 0
github.com/MamangRust/monolith-point-of-sale-pkg/database/schema/orders.sql.go:1245.2,1245.35 1 0
github.com/MamangRust/monolith-point-of-sale-pkg/database/schema/orders.sql.go:1245.35,1247.3 1 0
github.com/MamangRust/monolith-point-of-sale-pkg/database/schema/orders.sql.go:1248.2,1248.19 1 0
github.com/MamangRust/monolith-point-of-sale-pkg/database/schema/orders.sql.go:1306.115,1308.16 2 0
github.com/MamangRust/monolith-point-of-sale-pkg/database/schema/orders.sql.go:1308.16,1310.3 1 0
github.com/MamangRust/monolith-point-of-sale-pkg/database/schema/orders.sql.go:1311.2,1313.18 3 0
github.com/MamangRust/monolith-point-of-sale-pkg/database/schema/orders.sql.go:1313.18,1315.61 2 0
github.com/MamangRust/monolith-point-of-sale-pkg/database/schema/orders.sql.go:1315.61,1317.4 1 0
github.com/MamangRust/monolith-point-of-sale-pkg/database/schema/orders.sql.go:1318.3,1318.28 1 0
github.com/MamangRust/monolith-point-of-sale-pkg/database/schema/orders.sql.go:1320.2,1320.35 1 0
github.com/MamangRust/monolith-point-of-sale-pkg/database/schema/orders.sql.go:1320.35,1322.3 1 0
github.com/MamangRust/monolith-point-of-sale-pkg/database/schema/orders.sql.go:1323.2,1323.19 1 0
github.com/MamangRust/monolith-point-of-sale-pkg/database/schema/orders.sql.go:1388.144,1390.16 2 0
github.com/MamangRust/monolith-point-of-sale-pkg/database/schema/orders.sql.go:1390.16,1392.3 1 0
github.com/MamangRust/monolith-point-of-sale-pkg/database/schema/orders.sql.go:1393.2,1395.18 3 0
github.com/MamangRust/monolith-point-of-sale-pkg/database/schema/orders.sql.go:1395.18,1397.61 2 0
github.com/MamangRust/monolith-point-of-sale-pkg/database/schema/orders.sql.go:1397.61,1399.4 1 0
github.com/MamangRust/monolith-point-of-sale-pkg/database/schema/orders.sql.go:1400.3,1400.28 1 0
github.com/MamangRust/monolith-point-of-sale-pkg/database/schema/orders.sql.go:1402.2,1402.35 1 0
github.com/MamangRust/monolith-point-of-sale-pkg/database/schema/orders.sql.go:1402.35,1404.3 1 0
github.com/MamangRust/monolith-point-of-sale-pkg/database/schema/orders.sql.go:1405.2,1405.19 1 0
github.com/MamangRust/monolith-point-of-sale-pkg/database/schema/orders.sql.go:1470.162,1472.16 2 0
github.com/MamangRust/monolith-point-of-sale-pkg/database/schema/orders.sql.go:1472.16,1474.3 1 0
github.com/MamangRust/monolith-point-of-sale-pkg/database/schema/orders.sql.go:1475.2,1477.18 3 0
github.com/MamangRust/monolith-point-of-sale-pkg/database/schema/orders.sql.go:1477.18,1479.61 2 0
github.com/MamangRust/monolith-point-of-sale-pkg/database/schema/orders.sql.go:1479.61,1481.4 1 0
github.com/MamangRust/monolith-point-of-sale-pkg/database/schema/orders.sql.go:1482.3,1482.28 1 0
github.com/MamangRust/monolith-point-of-sale-pkg/database/schema/orders.sql.go:1484.2,1484.35 1 0
github.com/MamangRust/monolith-point-of-sale-pkg/database/schema/orders.sql.go:1484.35,1486.3 1 0
github.com/MamangRust/monolith-point-of-sale-pkg/database/schema/orders.sql.go:1487.2,1487.19 1 0
github.com/MamangRust/monolith-point-of-sale-pkg/database/schema/orders.sql.go:1511.84,1524.2 4 0
github.com/MamangRust/monolith-point-of-sale-pkg/database/schema/orders.sql.go:1548.84,1561.2 4 0
github.com/MamangRust/monolith-point-of-sale-pkg/database/schema/orders.sql.go:1590.91,1603.2 4 0
github.com/MamangRust/monolith-point-of-sale-pkg/database/schema/outbox_events.sql.go:38.125,40.16 2 0
github.com/MamangRust/monolith-point-of-sale-pkg/database/schema/outbox_events.sql.go:40.16,42.3 1 0
github.com/MamangRust/monolith-point-of-sale-pkg/database/schema/outbox_events.sql.go:43.2,45.18 3 0
github.com/MamangRust/monolith-point-of-sale-pkg/database/schema/outbox_events.sql.go:45.18,57.17 2 0
github.com/MamangRust/monolith-point-of-sale-pkg/database/schema/outbox_events.sql.go:57.17,59.4 1 0
github.com/MamangRust/monolith-point-of-sale-pkg/database/schema/outbox_events.sql.go:60.3,60.28 1 0
github.com/MamangRust/monolith-point-of-sale-pkg/database/schema/outbox_events.sql.go:62.2,62.35 1 0
github.com/MamangRust/monolith-point-of-sale-pkg/database/schema/outbox_events.sql.go:62.35,64.3 1 0
github.com/MamangRust/monolith-point-of-sale-pkg/database/schema/outbox_events.sql.go:65.2,65.19 1 0
github.com/MamangRust/monolith-point-of-sale-pkg/database/schema/outbox_events.sql.go:81.109,96.2 4 0
github.com/MamangRust/monolith-point-of-sale-pkg/database/schema/outbox_events.sql.go:105.105,107.16 2 0
github.com/MamangRust/monolith-point-of-sale-pkg/database/schema/outbox_events.sql.go:107.16,109.3 1 0
github.com/MamangRust/monolith-point-of-sale-pkg/database/schema/outbox_events.sql.go:110.2,110.35 1 0
github.com/MamangRust/monolith-point-of-sale-pkg/database/schema/outbox_events.sql.go:122.100,124.16 2 0
github.com/MamangRust/monolith-point-of-sale-pkg/database/schema/outbox_events.sql.go:124.16,126.3 1 0
github.com/MamangRust/monolith-point-of-sale-pkg/database/schema/outbox_events.sql.go:127.2,129.18 3 0
github.com/MamangRust/monolith-point-of-sale-pkg/database/schema/outbox_events.sql.go:129.18,141.17 2 0
github.com/MamangRust/monolith-point-of-sale-pkg/database/schema/outbox_events.sql.go:141.17,143.4 1 0
github.com/MamangRust/monolith-point-of-sale-pkg/database/schema/outbox_events.sql.go:144.3,144.28 1 0
github.com/MamangRust/monolith-point-of-sale-pkg/database/schema/outbox_events.sql.go:146.2,146.35 1 0
github.com/MamangRust/monolith-point-of-sale-pkg/database/schema/outbox_events.sql.go:146.35,148.3 1 0
github.com/MamangRust/monolith-point-of-sale-pkg/database/schema/outbox_events.sql.go:149.2,149.19 1 0
github.com/MamangRust/monolith-point-of-sale-pkg/database/schema/outbox_events.sql.go:160.98,175.2 4 0
github.com/MamangRust/monolith-point-of-sale-pkg/database/schema/outbox_events.sql.go:185.103,200.2 4 0
github.com/MamangRust/monolith-point-of-sale-pkg/database/schema/outbox_events.sql.go:218.117,233.2 4 0
github.com/MamangRust/monolith-point-of-sale-pkg/database/schema/products.sql.go:55.97,88.2 4 0
github.com/MamangRust/monolith-point-of-sale-pkg/database/schema/products.sql.go:117.123,138.2 4 0
github.com/MamangRust/monolith-point-of-sale-pkg/database/schema/products.sql.go:151.73,154.2 2 0
github.com/MamangRust/monolith-point-of-sale-pkg/database/schema/products.sql.go:170.88,173.2 2 0
github.com/MamangRust/monolith-point-of-sale-pkg/database/schema/products.sql.go:192.90,213.2 4 0
github.com/MamangRust/monolith-point-of-sale-pkg/database/schema/products.sql.go:229.97,250.2 4 0
github.com/MamangRust/monolith-point-of-sale-pkg/database/schema/products.sql.go:310.102,312.16 2 0
github.com/MamangRust/monolith-point-of-sale-pkg/database/schema/products.sql.go:312.16,314.3 1 0
github.com/MamangRust/monolith-point-of-sale-pkg/database/schema/products.sql.go:315.2,317.18 3 0
github.com/MamangRust/monolith-point-of-sale-pkg/database/schema/products.sql.go:317.18,336.17 2 0
github.com/MamangRust/monolith-point-of-sale-pkg/database/schema/products.sql.go:336.17,338.4 1 0
github.com/MamangRust/monolith-point-of-sale-pkg/database/schema/products.sql.go:339.3,339.28 1 0
github.com/MamangRust/monolith-point-of-sale-pkg/database/schema/products.sql.go:341.2,341.35 1 0
github.com/MamangRust/monolith-point-of-sale-pkg/database/schema/products.sql.go:341.35,343.3 1 0
github.com/MamangRust/monolith-point-of-sale-pkg/database/schema/products.sql.go:344.2,344.19 1 0
github.com/MamangRust/monolith-point-of-sale-pkg/database/schema/products.sql.go:405.120,407.16 2 0
github.com/MamangRust/monolith-point-of-sale-pkg/database/schema/products.sql.go:407.16,409.3 1 0
github.com/MamangRust/monolith-point-of-sale-pkg/database/schema/products.sql.go:410.2,412.18 3 0
github.com/MamangRust/monolith-point-of-sale-pkg/database/schema/products.sql.go:412.18,431.17 2 0
github.com/MamangRust/monolith-point-of-sale-pkg/database/schema/products.sql.go:431.17,433.4 1 0
github.com/MamangRust/monolith-point-of-sale-pkg/database/schema/products.sql.go:434.3,434.28 1 0
github.com/MamangRust/monolith-point-of-sale-pkg/database/schema/products.sql.go:436.2,436.35 1 0
github.com/MamangRust/monolith-point-of-sale-pkg/database/schema/products.sql.go:436.35,438.3 1 0
github.com/MamangRust/monolith-point-of-sale-pkg/database/schema/products.sql.go:439.2,439.19 1 0
github.com/MamangRust/monolith-point-of-sale-pkg/database/schema/products.sql.go:539.144,548.16 2 0
github.com/MamangRust/monolith-point-of-sale-pkg/database/schema/products.sql.go:548.16,550.3 1 0
github.com/MamangRust/monolith-point-of-sale-pkg/database/schema/products.sql.go:551.2,553.18 3 0
github.com/MamangRust/monolith-point-of-sale-pkg/database/schema/products.sql.go:553.18,573.17 2 0
github.com/MamangRust/monolith-point-of-sale-pkg/database/schema/products.sql.go:573.17,575.4 1 0
github.com/MamangRust/monolith-point-of-sale-pkg/database/schema/products.sql.go:576.3,576.28 1 0
github.com/MamangRust/monolith-point-of-sale-pkg/database/schema/products.sql.go:578.2,578.35 1 0
github.com/MamangRust/monolith-point-of-sale-pkg/database/schema/products.sql.go:578.35,580.3 1 0
github.com/MamangRust/monolith-point-of-sale-pkg/database/schema/products.sql.go:581.2,581.19 1 0
github.com/MamangRust/monolith-point-of-sale-pkg/database/schema/products.sql.go:672.132,682.16 2 0
github.com/MamangRust/monolith-point-of-sale-pkg/database/schema/products.sql.go:682.16,684.3 1 0
github.com/MamangRust/monolith-point-of-sale-pkg/database/schema/products.sql.go:685.2,687.18 3 0
github.com/MamangRust/monolith-point-of-sale-pkg/database/schema/products.sql.go:687.18,700.17 2 0
github.com/MamangRust/monolith-point-of-sale-pkg/database/schema/products.sql.go:700.17,702.4 1 0
github.com/MamangRust/monolith-point-of-sale-pkg/database/schema/products.sql.go:703.3,703.28 1 0
github.com/MamangRust/monolith-point-of-sale-pkg/database/schema/products.sql.go:705.2,705.35 1 0
github.com/MamangRust/monolith-point-of-sale-pkg/database/schema/products.sql.go:705.35,707.3 1 0
github.com/MamangRust/monolith-point-of-sale-pkg/database/schema/products.sql.go:708.2,708.19 1 0
github.com/MamangRust/monolith-point-of-sale-pkg/database/schema/products.sql.go:769.123,771.16 2 0
github.com/MamangRust/monolith-point-of-sale-pkg/database/schema/products.sql.go:771.16,773.3 1 0
github.com/MamangRust/monolith-point-of-sale-pkg/database/schema/products.sql.go:774.2,776.18 3 0
github.com/MamangRust/monolith-point-of-sale-pkg/database/schema/products.sql.go:776.18,795.17 2 0
github.com/MamangRust/monolith-point-of-sale-pkg/database/schema/products.sql.go:795.17,797.4 1 0
github.com/MamangRust/monolith-point-of-sale-pkg/database/schema/products.sql.go:798.3,798.28 1 0
github.com/MamangRust/monolith-point-of-sale-pkg/database/schema/products.sql.go:800.2,800.35 1 0
github.com/MamangRust/monolith-point-of-sale-pkg/database/schema/products.sql.go:800.35,802.3 1 0
github.com/MamangRust/monolith-point-of-sale-pkg/database/schema/products.sql.go:803.2,803.19 1 0
github.com/MamangRust/monolith-point-of-sale-pkg/database/schema/products.sql.go:832.123,853.2 4 0
github.com/MamangRust/monolith-point-of-sale-pkg/database/schema/products.sql.go:868.65,871.2 2 0
github.com/MamangRust/monolith-point-of-sale-pkg/database/schema/products.sql.go:893.90,914.2 4 0
github.com/MamangRust/monolith-point-of-sale-pkg/database/schema/products.sql.go:937.88,958.2 4 0
github.com/MamangRust/monolith-point-of-sale-pkg/database/schema/products.sql.go:1010.97,1042.2 4 0
github.com/MamangRust/monolith-point-of-sale-pkg/database/schema/products.sql.go:1069.117,1090.2 4 0
github.com/MamangRust/monolith-point-of-sale-pkg/database/schema/refresh_token.sql.go:38.112,51.2 4 0
github.com/MamangRust/monolith-point-of-sale-pkg/database/schema/refresh_token.sql.go:68.79,71.2 2 0
github.com/MamangRust/monolith-point-of-sale-pkg/database/schema/refresh_token.sql.go:88.87,91.2 2 0
github.com/MamangRust/monolith-point-of-sale-pkg/database/schema/refresh_token.sql.go:110.101,123.2 4 0
github.com/MamangRust/monolith-point-of-sale-pkg/database/schema/refresh_token.sql.go:155.102,168.2 4 0
github.com/MamangRust/monolith-point-of-sale-pkg/database/schema/refresh_token.sql.go:196.128,209.2 4 0
github.com/MamangRust/monolith-point-of-sale-pkg/database/schema/reset_token.sql.go:25.106,35.2 4 0
github.com/MamangRust/monolith-point-of-sale-pkg/database/schema/reset_token.sql.go:42.77,45.2 2 0
github.com/MamangRust/monolith-point-of-sale-pkg/database/schema/reset_token.sql.go:52.89,62.2 4 0
github.com/MamangRust/monolith-point-of-sale-pkg/database/schema/role.sql.go:40.83,51.2 4 0
github.com/MamangRust/monolith-point-of-sale-pkg/database/schema/role.sql.go:62.70,65.2 2 0
github.com/MamangRust/monolith-point-of-sale-pkg/database/schema/role.sql.go:78.80,81.2 2 0
github.com/MamangRust/monolith-point-of-sale-pkg/database/schema/role.sql.go:127.111,129.16 2 0
github.com/MamangRust/monolith-point-of-sale-pkg/database/schema/role.sql.go:129.16,131.3 1 0
github.com/MamangRust/monolith-point-of-sale-pkg/database/schema/role.sql.go:132.2,134.18 3 0
github.com/MamangRust/monolith-point-of-sale-pkg/database/schema/role.sql.go:134.18,143.17 2 0
github.com/MamangRust/monolith-point-of-sale-pkg/database/schema/role.sql.go:143.17,145.4 1 0
github.com/MamangRust/monolith-point-of-sale-pkg/database/schema/role.sql.go:146.3,146.28 1 0
github.com/MamangRust/monolith-point-of-sale-pkg/database/schema/role.sql.go:148.2,148.35 1 0
github.com/MamangRust/monolith-point-of-sale-pkg/database/schema/role.sql.go:148.35,150.3 1 0
github.com/MamangRust/monolith-point-of-sale-pkg/database/schema/role.sql.go:151.2,151.19 1 0
github.com/MamangRust/monolith-point-of-sale-pkg/database/schema/role.sql.go:176.77,187.2 4 0
github.com/MamangRust/monolith-point-of-sale-pkg/database/schema/role.sql.go:211.86,222.2 4 0
github.com/MamangRust/monolith-point-of-sale-pkg/database/schema/role.sql.go:272.93,274.16 2 0
github.com/MamangRust/monolith-point-of-sale-pkg/database/schema/role.sql.go:274.16,276.3 1 0
github.com/MamangRust/monolith-point-of-sale-pkg/database/schema/role.sql.go:277.2,279.18 3 0
github.com/MamangRust/monolith-point-of-sale-pkg/database/schema/role.sql.go:279.18,288.17 2 0
github.com/MamangRust/monolith-point-of-sale-pkg/database/schema/role.sql.go:288.17,290.4 1 0
github.com/MamangRust/monolith-point-of-sale-pkg/database/schema/role.sql.go:291.3,291.28 1 0
github.com/MamangRust/monolith-point-of-sale-pkg/database/schema/role.sql.go:293.2,293.35 1 0
github.com/MamangRust/monolith-point-of-sale-pkg/database/schema/role.sql.go:293.35,295.3 1 0
github.com/MamangRust/monolith-point-of-sale-pkg/database/schema/role.sql.go:296.2,296.19 1 0
github.com/MamangRust/monolith-point-of-sale-pkg/database/schema/role.sql.go:343.114,345.16 2 0
github.com/MamangRust/monolith-point-of-sale-pkg/database/schema/role.sql.go:345.16,347.3 1 0
github.com/MamangRust/monolith-point-of-sale-pkg/database/schema/role.sql.go:348.2,350.18 3 0
github.com/MamangRust/monolith-point-of-sale-pkg/database/schema/role.sql.go:350.18,359.17 2 0
github.com/MamangRust/monolith-point-of-sale-pkg/database/schema/role.sql.go:359.17,361.4 1 0
github.com/MamangRust/monolith-point-of-sale-pkg/database/schema/role.sql.go:362.3,362.28 1 0
github.com/MamangRust/monolith-point-of-sale-pkg/database/schema/role.sql.go:364.2,364.35 1 0
github.com/MamangRust/monolith-point-of-sale-pkg/database/schema/role.sql.go:364.35,366.3 1 0
github.com/MamangRust/monolith-point-of-sale-pkg/database/schema/role.sql.go:367.2,367.19 1 0
github.com/MamangRust/monolith-point-of-sale-pkg/database/schema/role.sql.go:396.84,398.16 2 0
github.com/MamangRust/monolith-point-of-sale-pkg/database/schema/role.sql.go:398.16,400.3 1 0
github.com/MamangRust/monolith-point-of-sale-pkg/database/schema/role.sql.go:401.2,403.18 3 0
github.com/MamangRust/monolith-point-of-sale-pkg/database/schema/role.sql.go:403.18,411.17 2 0
github.com/MamangRust/monolith-point-of-sale-pkg/database/schema/role.sql.go:411.17,413.4 1 0
github.com/MamangRust/monolith-point-of-sale-pkg/database/schema/role.sql.go:414.3,414.28 1 0
github.com/MamangRust/monolith-point-of-sale-pkg/database/schema/role.sql.go:416.2,416.35 1 0
github.com/MamangRust/monolith-point-of-sale-pkg/database/schema/role.sql.go:416.35,418.3 1 0
github.com/MamangRust/monolith-point-of-sale-pkg/database/schema/role.sql.go:419.2,419.19 1 0
github.com/MamangRust/monolith-point-of-sale-pkg/database/schema/role.sql.go:433.62,436.2 2 0
github.com/MamangRust/monolith-point-of-sale-pkg/database/schema/role.sql.go:452.81,463.2 4 0
github.com/MamangRust/monolith-point-of-sale-pkg/database/schema/role.sql.go:479.79,490.2 4 0
github.com/MamangRust/monolith-point-of-sale-pkg/database/schema/role.sql.go:522.88,533.2 4 0
github.com/MamangRust/monolith-point-of-sale-pkg/database/schema/transactions.sql.go:66.109,89.2 4 0
github.com/MamangRust/monolith-point-of-sale-pkg/database/schema/transactions.sql.go:102.77,105.2 2 0
github.com/MamangRust/monolith-point-of-sale-pkg/database/schema/transactions.sql.go:125.96,128.2 2 0
github.com/MamangRust/monolith-point-of-sale-pkg/database/schema/transactions.sql.go:267.168,274.16 2 0
github.com/MamangRust/monolith-point-of-sale-pkg/database/schema/transactions.sql.go:274.16,276.3 1 0
github.com/MamangRust/monolith-point-of-sale-pkg/database/schema/transactions.sql.go:277.2,279.18 3 0
github.com/MamangRust/monolith-point-of-sale-pkg/database/schema/transactions.sql.go:279.18,286.17 2 0
github.com/MamangRust/monolith-point-of-sale-pkg/database/schema/transactions.sql.go:286.17,288.4 1 0
github.com/MamangRust/monolith-point-of-sale-pkg/database/schema/transactions.sql.go:289.3,289.28 1 0
github.com/MamangRust/monolith-point-of-sale-pkg/database/schema/transactions.sql.go:291.2,291.35 1 0
github.com/MamangRust/monolith-point-of-sale-pkg/database/schema/transactions.sql.go:291.35,293.3 1 0
github.com/MamangRust/monolith-point-of-sale-pkg/database/schema/transactions.sql.go:294.2,294.19 1 0
github.com/MamangRust/monolith-point-of-sale-pkg/database/schema/transactions.sql.go:437.198,445.16 2 0
github.com/MamangRust/monolith-point-of-sale-pkg/database/schema/transactions.sql.go:445.16,447.3 1 0
github.com/MamangRust/monolith-point-of-sale-pkg/database/schema/transactions.sql.go:448.2,450.18 3 0
github.com/MamangRust/monolith-point-of-sale-pkg/database/schema/transactions.sql.go:450.18,457.17 2 0
github.com/MamangRust/monolith-point-of-sale-pkg/database/schema/transactions.sql.go:457.17,459.4 1 0
github.com/MamangRust/monolith-point-of-sale-pkg/database/schema/transactions.sql.go:460.3,460.28 1 0
github.com/MamangRust/monolith-point-of-sale-pkg/database/schema/transactions.sql.go:462.2,462.35 1 0
github.com/MamangRust/monolith-point-of-sale-pkg/database/schema/transactions.sql.go:462.35,464.3 1 0
github.com/MamangRust/monolith-point-of-sale-pkg/database/schema/transactions.sql.go:465.2,465.19 1 0
github.com/MamangRust/monolith-point-of-sale-pkg/database/schema/transactions.sql.go:605.171,612.16 2 0
github.com/MamangRust/monolith-point-of-sale-pkg/database/schema/transactions.sql.go:612.16,614.3 1 0
github.com/MamangRust/monolith-point-of-sale-pkg/database/schema/transactions.sql.go:615.2,617.18 3 0
github.com/MamangRust/monolith-point-of-sale-pkg/database/schema/transactions.sql.go:617.18,624.17 2 0
github.com/MamangRust/monolith-point-of-sale-pkg/database/schema/transactions.sql.go:624.17,626.4 1 0
github.com/MamangRust/monolith-point-of-sale-pkg/database/schema/transactions.sql.go:627.3,627.28 1 0
github.com/MamangRust/monolith-point-of-sale-pkg/database/schema/transactions.sql.go:629.2,629.35 1 0
github.com/MamangRust/monolith-point-of-sale-pkg/database/schema/transactions.sql.go:629.35,631.3 1 0
github.com/MamangRust/monolith-point-of-sale-pkg/database/schema/transactions.sql.go:632.2,632.19 1 0
github.com/MamangRust/monolith-point-of-sale-pkg/database/schema/transactions.sql.go:775.201,783.16 2 0
github.com/MamangRust/monolith-point-of-sale-pkg/database/schema/transactions.sql.go:783.16,785.3 1 0
github.com/MamangRust/monolith-point-of-sale-pkg/database/schema/transactions.sql.go:786.2,788.18 3 0
github.com/MamangRust/monolith-point-of-sale-pkg/database/schema/transactions.sql.go:788.18,795.17 2 0
github.com/MamangRust/monolith-point-of-sale-pkg/database/schema/transactions.sql.go:795.17,797.4 1 0
github.com/MamangRust/monolith-point-of-sale-pkg/database/schema/transactions.sql.go:798.3,798.28 1 0
github.com/MamangRust/monolith-point-of-sale-pkg/database/schema/transactions.sql.go:800.2,800.35 1 0
github.com/MamangRust/monolith-point-of-sale-pkg/database/schema/transactions.sql.go:800.35,802.3 1 0
github.com/MamangRust/monolith-point-of-sale-pkg/database/schema/transactions.sql.go:803.2,803.19 1 0
github.com/MamangRust/monolith-point-of-sale-pkg/database/schema/transactions.sql.go:902.201,910.16 2 0
github.com/MamangRust/monolith-point-of-sale-pkg/database/schema/transactions.sql.go:910.16,912.3 1 0
github.com/MamangRust/monolith-point-of-sale-pkg/database/schema/transactions.sql.go:913.2,915.18 3 0
github.com/MamangRust/monolith-point-of-sale-pkg/database/schema/transactions.sql.go:915.18,922.17 2 0
github.com/MamangRust/monolith-point-of-sale-pkg/database/schema/transactions.sql.go:922.17,924.4 1 0
github.com/MamangRust/monolith-point-of-sale-pkg/database/schema/transactions.sql.go:925.3,925.28 1 0
github.com/MamangRust/monolith-point-of-sale-pkg/database/schema/transactions.sql.go:927.2,927.35 1 0
github.com/MamangRust/monolith-point-of-sale-pkg/database/schema/transactions.sql.go:927.35,929.3 1 0
github.com/MamangRust/monolith-point-of-sale-pkg/database/schema/transactions.sql.go:930.2,930.19 1 0
github.com/MamangRust/monolith-point-of-sale-pkg/database/schema/transactions.sql.go:1029.204,1037.16 2 0
github.com/MamangRust/monolith-point-of-sale-pkg/database/schema/transactions.sql.go:1037.16,1039.3 1 0
github.com/MamangRust/monolith-point-of-sale-pkg/database/schema/transactions.sql.go:1040.2,1042.18 3 0
github.com/MamangRust/monolith-point-of-sale-pkg/database/schema/transactions.sql.go:1042.18,1049.17 2 0
github.com/MamangRust/monolith-point-of-sale-pkg/database/schema/transactions.sql.go:1049.17,1051.4 1 0
github.com/MamangRust/monolith-point-of-sale-pkg/database/schema/transactions.sql.go:1052.3,1052.28 1 0
github.com/MamangRust/monolith-point-of-sale-pkg/database/schema/transactions.sql.go:1054.2,1054.35 1 0
github.com/MamangRust/monolith-point-of-sale-pkg/database/schema/transactions.sql.go:1054.35,1056.3 1 0
github.com/MamangRust/monolith-point-of-sale-pkg/database/schema/transactions.sql.go:1057.2,1057.19 1 0
github.com/MamangRust/monolith-point-of-sale-pkg/database/schema/transactions.sql.go:1152.171,1159.16 2 0
github.com/MamangRust/monolith-point-of-sale-pkg/database/schema/transactions.sql.go:1159.16,1161.3 1 0
github.com/MamangRust/monolith-point-of-sale-pkg/database/schema/transactions.sql.go:1162.2,1164.18 3 0
github.com/MamangRust/monolith-point-of-sale-pkg/database/schema/transactions.sql.go:1164.18,1171.17 2 0
github.com/MamangRust/monolith-point-of-sale-pkg/database/schema/transactions.sql.go:1171.17,1173.4 1 0
github.com/MamangRust/monolith-point-of-sale-pkg/database/schema/transactions.sql.go:1174.3,1174.28 1 0
github.com/MamangRust/monolith-point-of-sale-pkg/database/schema/transactions.sql.go:1176.2,1176.35 1 0
github.com/MamangRust/monolith-point-of-sale-pkg/database/schema/transactions.sql.go:1176.35,1178.3 1 0
github.com/MamangRust/monolith-point-of-sale-pkg/database/schema/transactions.sql.go:1179.2,1179.19 1 0
github.com/MamangRust/monolith-point-of-sale-pkg/database/schema/transactions.sql.go:1274.174,1281.16 2 0
github.com/MamangRust/monolith-point-of-sale-pkg/database/schema/transactions.sql.go:1281.16,1283.3 1 0
github.com/MamangRust/monolith-point-of-sale-pkg/database/schema/transactions.sql.go:1284.2,1286.18 3 0
github.com/MamangRust/monolith-point-of-sale-pkg/database/schema/transactions.sql.go:1286.18,1293.17 2 0
github.com/MamangRust/monolith-point-of-sale-pkg/database/schema/transactions.sql.go:1293.17,1295.4 1 0
github.com/MamangRust/monolith-point-of-sale-pkg/database/schema/transactions.sql.go:1296.3,1296.28 1 0
github.com/MamangRust/monolith-point-of-sale-pkg/database/schema/transactions.sql.go:1298.2,1298.35 1 0
github.com/MamangRust/monolith-point-of-sale-pkg/database/schema/transactions.sql.go:1298.35,1300.3 1 0
github.com/MamangRust/monolith-point-of-sale-pkg/database/schema/transactions.sql.go:1301.2,1301.19 1 0
github.com/MamangRust/monolith-point-of-sale-pkg/database/schema/transactions.sql.go:1323.102,1339.2 4 0
github.com/MamangRust/monolith-point-of-sale-pkg/database/schema/transactions.sql.go:1400.141,1407.16 2 0
github.com/MamangRust/monolith-point-of-sale-pkg/database/schema/transactions.sql.go:1407.16,1409.3 1 0
github.com/MamangRust/monolith-point-of-sale-pkg/database/schema/transactions.sql.go:1410.2,1412.18 3 0
github.com/MamangRust/monolith-point-of-sale-pkg/database/schema/transactions.sql.go:1412.18,1426.17 2 0
github.com/MamangRust/monolith-point-of-sale-pkg/database/schema/transactions.sql.go:1426.17,1428.4 1 0
github.com/MamangRust/monolith-point-of-sale-pkg/database/schema/transactions.sql.go:1429.3,1429.28 1 0
github.com/MamangRust/monolith-point-of-sale-pkg/database/schema/transactions.sql.go:1431.2,1431.35 1 0
github.com/MamangRust/monolith-point-of-sale-pkg/database/schema/transactions.sql.go:1431.35,1433.3 1 0
github.com/MamangRust/monolith-point-of-sale-pkg/database/schema/transactions.sql.go:1434.2,1434.19 1 0
github.com/MamangRust/monolith-point-of-sale-pkg/database/schema/transactions.sql.go:1456.101,1472.2 4 0
github.com/MamangRust/monolith-point-of-sale-pkg/database/schema/transactions.sql.go:1528.114,1530.16 2 0
github.com/MamangRust/monolith-point-of-sale-pkg/database/schema/transactions.sql.go:1530.16,1532.3 1 0
github.com/MamangRust/monolith-point-of-sale-pkg/database/schema/transactions.sql.go:1533.2,1535.18 3 0
github.com/MamangRust/monolith-point-of-sale-pkg/database/schema/transactions.sql.go:1535.18,1549.17 2 0
github.com/MamangRust/monolith-point-of-sale-pkg/database/schema/transactions.sql.go:1549.17,1551.4 1 0
github.com/MamangRust/monolith-point-of-sale-pkg/database/schema/transactions.sql.go:1552.3,1552.28 1 0
github.com/MamangRust/monolith-point-of-sale-pkg/database/schema/transactions.sql.go:1554.2,1554.35 1 0
github.com/MamangRust/monolith-point-of-sale-pkg/database/schema/transactions.sql.go:1554.35,1556.3 1 0
github.com/MamangRust/monolith-point-of-sale-pkg/database/schema/transactions.sql.go:1557.2,1557.19 1 0
github.com/MamangRust/monolith-point-of-sale-pkg/database/schema/transactions.sql.go:1613.132,1615.16 2 0
github.com/MamangRust/monolith-point-of-sale-pkg/database/schema/transactions.sql.go:1615.16,1617.3 1 0
github.com/MamangRust/monolith-point-of-sale-pkg/database/schema/transactions.sql.go:1618.2,1620.18 3 0
github.com/MamangRust/monolith-point-of-sale-pkg/database/schema/transactions.sql.go:1620.18,1634.17 2 0
github.com/MamangRust/monolith-point-of-sale-pkg/database/schema/transactions.sql.go:1634.17,1636.4 1 0
github.com/MamangRust/monolith-point-of-sale-pkg/database/schema/transactions.sql.go:1637.3,1637.28 1 0
github.com/MamangRust/monolith-point-of-sale-pkg/database/schema/transactions.sql.go:1639.2,1639.35 1 0
github.com/MamangRust/monolith-point-of-sale-pkg/database/schema/transactions.sql.go:1639.35,1641.3 1 0
github.com/MamangRust/monolith-point-of-sale-pkg/database/schema/transactions.sql.go:1642.2,1642.19 1 0
github.com/MamangRust/monolith-point-of-sale-pkg/database/schema/transactions.sql.go:1699.135,1701.16 2 0
github.com/MamangRust/monolith-point-of-sale-pkg/database/schema/transactions.sql.go:1701.16,1703.3 1 0
github.com/MamangRust/monolith-point-of-sale-pkg/database/schema/transactions.sql.go:1704.2,1706.18 3 0
github.com/MamangRust/monolith-point-of-sale-pkg/database/schema/transactions.sql.go:1706.18,1720.17 2 0
github.com/MamangRust/monolith-point-of-sale-pkg/database/schema/transactions.sql.go:1720.17,1722.4 1 0
github.com/MamangRust/monolith-point-of-sale-pkg/database/schema/transactions.sql.go:1723.3,1723.28 1 0
github.com/MamangRust/monolith-point-of-sale-pkg/database/schema/transactions.sql.go:1725.2,1725.35 1 0
github.com/MamangRust/monolith-point-of-sale-pkg/database/schema/transactions.sql.go:1725.35,1727.3 1 0
github.com/MamangRust/monolith-point-of-sale-pkg/database/schema/transactions.sql.go:1728.2,1728.19 1 0
github.com/MamangRust/monolith-point-of-sale-pkg/database/schema/transactions.sql.go:1821.137,1823.16 2 0
github.com/MamangRust/monolith-point-of-sale-pkg/database/schema/transactions.sql.go:1823.16,1825.3 1 0
github.com/MamangRust/monolith-point-of-sale-pkg/database/schema/transactions.sql.go:1826.2,1828.18 3 0
github.com/MamangRust/monolith-point-of-sale-pkg/database/schema/transactions.sql.go:1828.18,1830.76 2 0
github.com/MamangRust/monolith-point-of-sale-pkg/database/schema/transactions.sql.go:1830.76,1832.4 1 0
github.com/MamangRust/monolith-point-of-sale-pkg/database/schema/transactions.sql.go:1833.3,1833.28 1 0
github.com/MamangRust/monolith-point-of-sale-pkg/database/schema/transactions.sql.go:1835.2,1835.35 1 0
github.com/MamangRust/monolith-point-of-sale-pkg/database/schema/transactions.sql.go:1835.35,1837.3 1 0
github.com/MamangRust/monolith-point-of-sale-pkg/database/schema/transactions.sql.go:1838.2,1838.19 1 0
github.com/MamangRust/monolith-point-of-sale-pkg/database/schema/transactions.sql.go:1939.195,1941.16 2 0
github.com/MamangRust/monolith-point-of-sale-pkg/database/schema/transactions.sql.go:1941.16,1943.3 1 0
github.com/MamangRust/monolith-point-of-sale-pkg/database/schema/transactions.sql.go:1944.2,1946.18 3 0
github.com/MamangRust/monolith-point-of-sale-pkg/database/schema/transactions.sql.go:1946.18,1948.76 2 0
github.com/MamangRust/monolith-point-of-sale-pkg/database/schema/transactions.sql.go:1948.76,1950.4 1 0
github.com/MamangRust/monolith-point-of-sale-pkg/database/schema/transactions.sql.go:1951.3,1951.28 1 0
github.com/MamangRust/monolith-point-of-sale-pkg/database/schema/transactions.sql.go:1953.2,1953.35 1 0
github.com/MamangRust/monolith-point-of-sale-pkg/database/schema/transactions.sql.go:1953.35,1955.3 1 0
github.com/MamangRust/monolith-point-of-sale-pkg/database/schema/transactions.sql.go:1956.2,1956.19 1 0
github.com/MamangRust/monolith-point-of-sale-pkg/database/schema/transactions.sql.go:2049.139,2051.16 2 0
github.com/MamangRust/monolith-point-of-sale-pkg/database/schema/transactions.sql.go:2051.16,2053.3 1 0
github.com/MamangRust/monolith-point-of-sale-pkg/database/schema/transactions.sql.go:2054.2,2056.18 3 0
github.com/MamangRust/monolith-point-of-sale-pkg/database/schema/transactions.sql.go:2056.18,2058.77 2 0
github.com/MamangRust/monolith-point-of-sale-pkg/database/schema/transactions.sql.go:2058.77,2060.4 1 0
github.com/MamangRust/monolith-point-of-sale-pkg/database/schema/transactions.sql.go:2061.3,2061.28 1 0
github.com/MamangRust/monolith-point-of-sale-pkg/database/schema/transactions.sql.go:2063.2,2063.35 1 0
github.com/MamangRust/monolith-point-of-sale-pkg/database/schema/transactions.sql.go:2063.35,2065.3 1 0
github.com/MamangRust/monolith-point-of-sale-pkg/database/schema/transactions.sql.go:2066.2,2066.19 1 0
github.com/MamangRust/monolith-point-of-sale-pkg/database/schema/transactions.sql.go:2166.198,2168.16 2 0
github.com/MamangRust/monolith-point-of-sale-pkg/database/schema/transactions.sql.go:2168.16,2170.3 1 0
github.com/MamangRust/monolith-point-of-sale-pkg/database/schema/transactions.sql.go:2171.2,2173.18 3 0
github.com/MamangRust/monolith-point-of-sale-pkg/database/schema/transactions.sql.go:2173.18,2175.77 2 0
github.com/MamangRust/monolith-point-of-sale-pkg/database/schema/transactions.sql.go:2175.77,2177.4 1 0
github.com/MamangRust/monolith-point-of-sale-pkg/database/schema/transactions.sql.go:2178.3,2178.28 1 0
github.com/MamangRust/monolith-point-of-sale-pkg/database/schema/transactions.sql.go:2180.2,2180.35 1 0
github.com/MamangRust/monolith-point-of-sale-pkg/database/schema/transactions.sql.go:2180.35,2182.3 1 0
github.com/MamangRust/monolith-point-of-sale-pkg/database/schema/transactions.sql.go:2183.2,2183.19 1 0
github.com/MamangRust/monolith-point-of-sale-pkg/database/schema/transactions.sql.go:2254.198,2256.16 2 0
github.com/MamangRust/monolith-point-of-sale-pkg/database/schema/transactions.sql.go:2256.16,2258.3 1 0
github.com/MamangRust/monolith-point-of-sale-pkg/database/schema/transactions.sql.go:2259.2,2261.18 3 0
github.com/MamangRust/monolith-point-of-sale-pkg/database/schema/transactions.sql.go:2261.18,2268.17 2 0
github.com/MamangRust/monolith-point-of-sale-pkg/database/schema/transactions.sql.go:2268.17,2270.4 1 0
github.com/MamangRust/monolith-point-of-sale-pkg/database/schema/transactions.sql.go:2271.3,2271.28 1 0
github.com/MamangRust/monolith-point-of-sale-pkg/database/schema/transactions.sql.go:2273.2,2273.35 1 0
github.com/MamangRust/monolith-point-of-sale-pkg/database/schema/transactions.sql.go:2273.35,2275.3 1 0
github.com/MamangRust/monolith-point-of-sale-pkg/database/schema/transactions.sql.go:2276.2,2276.19 1 0
github.com/MamangRust/monolith-point-of-sale-pkg/database/schema/transactions.sql.go:2347.201,2349.16 2 0
github.com/MamangRust/monolith-point-of-sale-pkg/database/schema/transactions.sql.go:2349.16,2351.3 1 0
github.com/MamangRust/monolith-point-of-sale-pkg/database/schema/transactions.sql.go:2352.2,2354.18 3 0
github.com/MamangRust/monolith-point-of-sale-pkg/database/schema/transactions.sql.go:2354.18,2361.17 2 0
github.com/MamangRust/monolith-point-of-sale-pkg/database/schema/transactions.sql.go:2361.17,2363.4 1 0
github.com/MamangRust/monolith-point-of-sale-pkg/database/schema/transactions.sql.go:2364.3,2364.28 1 0
github.com/MamangRust/monolith-point-of-sale-pkg/database/schema/transactions.sql.go:2366.2,2366.35 1 0
github.com/MamangRust/monolith-point-of-sale-pkg/database/schema/transactions.sql.go:2366.35,2368.3 1 0
github.com/MamangRust/monolith-point-of-sale-pkg/database/schema/transactions.sql.go:2369.2,2369.19 1 0
github.com/MamangRust/monolith-point-of-sale-pkg/database/schema/transactions.sql.go:2445.143,2447.16 2 0
github.com/MamangRust/monolith-point-of-sale-pkg/database/schema/transactions.sql.go:2447.16,2449.3 1 0
github.com/MamangRust/monolith-point-of-sale-pkg/database/schema/transactions.sql.go:2450.2,2452.18 3 0
github.com/MamangRust/monolith-point-of-sale-pkg/database/schema/transactions.sql.go:2452.18,2459.17 2 0
github.com/MamangRust/monolith-point-of-sale-pkg/database/schema/transactions.sql.go:2459.17,2461.4 1 0
github.com/MamangRust/monolith-point-of-sale-pkg/database/schema/transactions.sql.go:2462.3,2462.28 1 0
github.com/MamangRust/monolith-point-of-sale-pkg/database/schema/transactions.sql.go:2464.2,2464.35 1 0
github.com/MamangRust/monolith-point-of-sale-pkg/database/schema/transactions.sql.go:2464.35,2466.3 1 0
github.com/MamangRust/monolith-point-of-sale-pkg/database/schema/transactions.sql.go:2467.2,2467.19 1 0
github.com/MamangRust/monolith-point-of-sale-pkg/database/schema/transactions.sql.go:2543.145,2545.16 2 0
github.com/MamangRust/monolith-point-of-sale-pkg/database/schema/transactions.sql.go:2545.16,2547.3 1 0
github.com/MamangRust/monolith-point-of-sale-pkg/database/schema/transactions.sql.go:2548.2,2550.18 3 0
github.com/MamangRust/monolith-point-of-sale-pkg/database/schema/transactions.sql.go:2550.18,2557.17 2 0
github.com/MamangRust/monolith-point-of-sale-pkg/database/schema/transactions.sql.go:2557.17,2559.4 1 0
github.com/MamangRust/monolith-point-of-sale-pkg/database/schema/transactions.sql.go:2560.3,2560.28 1 0
github.com/MamangRust/monolith-point-of-sale-pkg/database/schema/transactions.sql.go:2562.2,2562.35 1 0
github.com/MamangRust/monolith-point-of-sale-pkg/database/schema/transactions.sql.go:2562.35,2564.3 1 0
github.com/MamangRust/monolith-point-of-sale-pkg/database/schema/transactions.sql.go:2565.2,2565.19 1 0
github.com/MamangRust/monolith-point-of-sale-pkg/database/schema/transactions.sql.go:2582.69,2585.2 2 0
github.com/MamangRust/monolith-point-of-sale-pkg/database/schema/transactions.sql.go:2609.102,2625.2 4 0
github.com/MamangRust/monolith-point-of-sale-pkg/database/schema/transactions.sql.go:2650.100,2666.2 4 0
github.com/MamangRust/monolith-point-of-sale-pkg/database/schema/transactions.sql.go:2713.109,2737.2 4 0
github.com/MamangRust/monolith-point-of-sale-pkg/database/schema/user_role.sql.go:53.104,65.2 4 0
github.com/MamangRust/monolith-point-of-sale-pkg/database/schema/user_role.sql.go:110.109,112.16 2 0
github.com/MamangRust/monolith-point-of-sale-pkg/database/schema/user_role.sql.go:112.16,114.3 1 0
github.com/MamangRust/monolith-point-of-sale-pkg/database/schema/user_role.sql.go:115.2,117.18 3 0
github.com/MamangRust/monolith-point-of-sale-pkg/database/schema/user_role.sql.go:117.18,127.17 2 0
github.com/MamangRust/monolith-point-of-sale-pkg/database/schema/user_role.sql.go:127.17,129.4 1 0
github.com/MamangRust/monolith-point-of-sale-pkg/database/schema/user_role.sql.go:130.3,130.28 1 0
github.com/MamangRust/monolith-point-of-sale-pkg/database/schema/user_role.sql.go:132.2,132.35 1 0
github.com/MamangRust/monolith-point-of-sale-pkg/database/schema/user_role.sql.go:132.35,134.3 1 0
github.com/MamangRust/monolith-point-of-sale-pkg/database/schema/user_role.sql.go:135.2,135.19 1 0
github.com/MamangRust/monolith-point-of-sale-pkg/database/schema/user_role.sql.go:160.95,163.2 2 0
github.com/MamangRust/monolith-point-of-sale-pkg/database/schema/user_role.sql.go:181.80,184.2 2 0
github.com/MamangRust/monolith-point-of-sale-pkg/database/schema/user_role.sql.go:202.78,205.2 2 0
github.com/MamangRust/monolith-point-of-sale-pkg/database/schema/users.sql.go:62.88,85.2 4 0
github.com/MamangRust/monolith-point-of-sale-pkg/database/schema/users.sql.go:100.70,103.2 2 0
github.com/MamangRust/monolith-point-of-sale-pkg/database/schema/users.sql.go:120.82,123.2 2 0
github.com/MamangRust/monolith-point-of-sale-pkg/database/schema/users.sql.go:141.84,157.2 4 0
github.com/MamangRust/monolith-point-of-sale-pkg/database/schema/users.sql.go:179.95,195.2 4 0
github.com/MamangRust/monolith-point-of-sale-pkg/database/schema/users.sql.go:212.81,228.2 4 0
github.com/MamangRust/monolith-point-of-sale-pkg/database/schema/users.sql.go:244.106,260.2 4 0
github.com/MamangRust/monolith-point-of-sale-pkg/database/schema/users.sql.go:311.111,313.16 2 0
github.com/MamangRust/monolith-point-of-sale-pkg/database/schema/users.sql.go:313.16,315.3 1 0
github.com/MamangRust/monolith-point-of-sale-pkg/database/schema/users.sql.go:316.2,318.18 3 0
github.com/MamangRust/monolith-point-of-sale-pkg/database/schema/users.sql.go:318.18,332.17 2 0
github.com/MamangRust/monolith-point-of-sale-pkg/database/schema/users.sql.go:332.17,334.4 1 0
github.com/MamangRust/monolith-point-of-sale-pkg/database/schema/users.sql.go:335.3,335.28 1 0
github.com/MamangRust/monolith-point-of-sale-pkg/database/schema/users.sql.go:337.2,337.35 1 0
github.com/MamangRust/monolith-point-of-sale-pkg/database/schema/users.sql.go:337.35,339.3 1 0
github.com/MamangRust/monolith-point-of-sale-pkg/database/schema/users.sql.go:340.2,340.19 1 0
github.com/MamangRust/monolith-point-of-sale-pkg/database/schema/users.sql.go:392.93,394.16 2 0
github.com/MamangRust/monolith-point-of-sale-pkg/database/schema/users.sql.go:394.16,396.3 1 0
github.com/MamangRust/monolith-point-of-sale-pkg/database/schema/users.sql.go:397.2,399.18 3 0
github.com/MamangRust/monolith-point-of-sale-pkg/database/schema/users.sql.go:399.18,413.17 2 0
github.com/MamangRust/monolith-point-of-sale-pkg/database/schema/users.sql.go:413.17,415.4 1 0
github.com/MamangRust/monolith-point-of-sale-pkg/database/schema/users.sql.go:416.3,416.28 1 0
github.com/MamangRust/monolith-point-of-sale-pkg/database/schema/users.sql.go:418.2,418.35 1 0
github.com/MamangRust/monolith-point-of-sale-pkg/database/schema/users.sql.go:418.35,420.3 1 0
github.com/MamangRust/monolith-point-of-sale-pkg/database/schema/users.sql.go:421.2,421.19 1 0
github.com/MamangRust/monolith-point-of-sale-pkg/database/schema/users.sql.go:472.111,474.16 2 0
github.com/MamangRust/monolith-point-of-sale-pkg/database/schema/users.sql.go:474.16,476.3 1 0
github.com/MamangRust/monolith-point-of-sale-pkg/database/schema/users.sql.go:477.2,479.18 3 0
github.com/MamangRust/monolith-point-of-sale-pkg/database/schema/users.sql.go:479.18,493.17 2 0
github.com/MamangRust/monolith-point-of-sale-pkg/database/schema/users.sql.go:493.17,495.4 1 0
github.com/MamangRust/monolith-point-of-sale-pkg/database/schema/users.sql.go:496.3,496.28 1 0
github.com/MamangRust/monolith-point-of-sale-pkg/database/schema/users.sql.go:498.2,498.35 1 0
github.com/MamangRust/monolith-point-of-sale-pkg/database/schema/users.sql.go:498.35,500.3 1 0
github.com/MamangRust/monolith-point-of-sale-pkg/database/schema/users.sql.go:501.2,501.19 1 0
github.com/MamangRust/monolith-point-of-sale-pkg/database/schema/users.sql.go:519.62,522.2 2 0
github.com/MamangRust/monolith-point-of-sale-pkg/database/schema/users.sql.go:546.81,562.2 4 0
github.com/MamangRust/monolith-point-of-sale-pkg/database/schema/users.sql.go:586.79,602.2 4 0
github.com/MamangRust/monolith-point-of-sale-pkg/database/schema/users.sql.go:642.88,664.2 4 0
github.com/MamangRust/monolith-point-of-sale-pkg/database/schema/users.sql.go:682.108,698.2 4 0
github.com/MamangRust/monolith-point-of-sale-pkg/database/schema/users.sql.go:716.104,732.2 4 0
github.com/MamangRust/monolith-point-of-sale-pkg/email/email.go:9.55,104.16 3 0
github.com/MamangRust/monolith-point-of-sale-pkg/email/email.go:104.16,106.3 1 0
github.com/MamangRust/monolith-point-of-sale-pkg/email/email.go:108.2,109.49 2 0
github.com/MamangRust/monolith-point-of-sale-pkg/email/email.go:109.49,111.3 1 0
github.com/MamangRust/monolith-point-of-sale-pkg/email/email.go:113.2,113.21 1 0
github.com/MamangRust/monolith-point-of-sale-pkg/kafka/kafka.go:19.71,26.16 6 0
github.com/MamangRust/monolith-point-of-sale-pkg/kafka/kafka.go:26.16,28.3 1 0
github.com/MamangRust/monolith-point-of-sale-pkg/kafka/kafka.go:30.2,36.3 2 0
github.com/MamangRust/monolith-point-of-sale-pkg/kafka/kafka.go:42.96,51.22 4 0
github.com/MamangRust/monolith-point-of-sale-pkg/kafka/kafka.go:51.22,52.31 1 0
github.com/MamangRust/monolith-point-of-sale-pkg/kafka/kafka.go:52.31,57.4 1 0
github.com/MamangRust/monolith-point-of-sale-pkg/kafka/kafka.go:60.2,61.16 2 0
github.com/MamangRust/monolith-point-of-sale-pkg/kafka/kafka.go:61.16,63.3 1 0
github.com/MamangRust/monolith-point-of-sale-pkg/kafka/kafka.go:65.2,66.12 2 0
github.com/MamangRust/monolith-point-of-sale-pkg/kafka/kafka.go:73.138,83.22 4 0
github.com/MamangRust/monolith-point-of-sale-pkg/kafka/kafka.go:83.22,84.31 1 0
github.com/MamangRust/monolith-point-of-sale-pkg/kafka/kafka.go:84.31,89.4 1 0
github.com/MamangRust/monolith-point-of-sale-pkg/kafka/kafka.go:92.2,93.16 2 0
github.com/MamangRust/monolith-point-of-sale-pkg/kafka/kafka.go:93.16,95.3 1 0
github.com/MamangRust/monolith-point-of-sale-pkg/kafka/kafka.go:97.2,98.12 2 0
github.com/MamangRust/monolith-point-of-sale-pkg/kafka/kafka.go:106.108,108.2 1 0
github.com/MamangRust/monolith-point-of-sale-pkg/kafka/kafka.go:113.140,114.16 1 0
github.com/MamangRust/monolith-point-of-sale-pkg/kafka/kafka.go:114.16,116.3 1 0
github.com/MamangRust/monolith-point-of-sale-pkg/kafka/kafka.go:117.2,125.16 6 0
github.com/MamangRust/monolith-point-of-sale-pkg/kafka/kafka.go:125.16,127.3 1 0
github.com/MamangRust/monolith-point-of-sale-pkg/kafka/kafka.go:129.2,129.12 1 0
github.com/MamangRust/monolith-point-of-sale-pkg/kafka/kafka.go:129.12,131.7 2 0
github.com/MamangRust/monolith-point-of-sale-pkg/kafka/kafka.go:131.7,132.70 1 0
github.com/MamangRust/monolith-point-of-sale-pkg/kafka/kafka.go:132.70,133.25 1 0
github.com/MamangRust/monolith-point-of-sale-pkg/kafka/kafka.go:133.25,135.6 1 0
github.com/MamangRust/monolith-point-of-sale-pkg/kafka/kafka.go:136.5,136.47 1 0
github.com/MamangRust/monolith-point-of-sale-pkg/kafka/kafka.go:141.2,141.12 1 0
github.com/MamangRust/monolith-point-of-sale-pkg/kafka/kafka.go:141.12,142.7 1 0
github.com/MamangRust/monolith-point-of-sale-pkg/kafka/kafka.go:142.7,143.11 1 0
github.com/MamangRust/monolith-point-of-sale-pkg/kafka/kafka.go:144.22,145.11 1 0
github.com/MamangRust/monolith-point-of-sale-pkg/kafka/kafka.go:146.45,147.12 1 0
github.com/MamangRust/monolith-point-of-sale-pkg/kafka/kafka.go:147.12,149.6 1 0
github.com/MamangRust/monolith-point-of-sale-pkg/kafka/kafka.go:150.5,150.48 1 0
github.com/MamangRust/monolith-point-of-sale-pkg/kafka/kafka.go:155.2,155.12 1 0
github.com/MamangRust/monolith-point-of-sale-pkg/kafka/kafka.go:160.31,161.35 1 0
github.com/MamangRust/monolith-point-of-sale-pkg/kafka/kafka.go:161.35,163.3 1 0
github.com/MamangRust/monolith-point-of-sale-pkg/kafka/kafka.go:164.2,166.12 3 0
github.com/MamangRust/monolith-point-of-sale-pkg/logger/logger.go:33.93,36.17 2 0
github.com/MamangRust/monolith-point-of-sale-pkg/logger/logger.go:36.17,59.28 4 0
github.com/MamangRust/monolith-point-of-sale-pkg/logger/logger.go:59.28,65.4 2 0
github.com/MamangRust/monolith-point-of-sale-pkg/logger/logger.go:67.3,75.34 3 0
github.com/MamangRust/monolith-point-of-sale-pkg/logger/logger.go:78.2,78.27 1 0
github.com/MamangRust/monolith-point-of-sale-pkg/logger/logger.go:81.60,83.2 1 0
github.com/MamangRust/monolith-point-of-sale-pkg/logger/logger.go:85.61,87.2 1 0
github.com/MamangRust/monolith-point-of-sale-pkg/logger/logger.go:89.61,91.2 1 0
github.com/MamangRust/monolith-point-of-sale-pkg/logger/logger.go:93.61,95.2 1 0
github.com/MamangRust/monolith-point-of-sale-pkg/logger/logger.go:97.60,99.2 1 0
github.com/MamangRust/monolith-point-of-sale-pkg/logger/logger.go:101.83,103.2 1 0
github.com/MamangRust/monolith-point-of-sale-pkg/logger/logger.go:105.60,107.2 1 0
github.com/MamangRust/monolith-point-of-sale-pkg/logger/logger.go:109.31,111.2 1 0
github.com/MamangRust/monolith-point-of-sale-pkg/logger/logger.go:113.36,115.2 1 0
github.com/MamangRust/monolith-point-of-sale-pkg/logger/logger.go:117.22,120.2 2 0
github.com/MamangRust/monolith-point-of-sale-pkg/middleware/context.go:23.33,26.2 2 0
github.com/MamangRust/monolith-point-of-sale-pkg/middleware/context.go:28.68,30.2 1 0
github.com/MamangRust/monolith-point-of-sale-pkg/middleware/context.go:32.44,33.51 1 0
github.com/MamangRust/monolith-point-of-sale-pkg/middleware/context.go:33.51,35.3 1 0
github.com/MamangRust/monolith-point-of-sale-pkg/middleware/context.go:36.2,36.11 1 0
github.com/MamangRust/monolith-point-of-sale-pkg/middleware/context.go:39.70,41.2 1 0
github.com/MamangRust/monolith-point-of-sale-pkg/middleware/context.go:43.47,44.54 1 0
github.com/MamangRust/monolith-point-of-sale-pkg/middleware/context.go:44.54,46.3 1 0
github.com/MamangRust/monolith-point-of-sale-pkg/middleware/context.go:47.2,47.20 1 0
github.com/MamangRust/monolith-point-of-sale-pkg/middleware/context.go:50.69,52.2 1 0
github.com/MamangRust/monolith-point-of-sale-pkg/middleware/context.go:54.41,55.48 1 0
github.com/MamangRust/monolith-point-of-sale-pkg/middleware/context.go:55.48,57.3 1 0
github.com/MamangRust/monolith-point-of-sale-pkg/middleware/context.go:58.2,58.11 1 0
github.com/MamangRust/monolith-point-of-sale-pkg/middleware/context.go:61.75,63.2 1 0
github.com/MamangRust/monolith-point-of-sale-pkg/middleware/context.go:65.44,66.51 1 0
github.com/MamangRust/monolith-point-of-sale-pkg/middleware/context.go:66.51,68.3 1 0
github.com/MamangRust/monolith-point-of-sale-pkg/middleware/context.go:69.2,69.11 1 0
github.com/MamangRust/monolith-point-of-sale-pkg/middleware/context.go:72.106,73.128 1 0
github.com/MamangRust/monolith-point-of-sale-pkg/middleware/context.go:73.128,93.3 9 0
github.com/MamangRust/monolith-point-of-sale-pkg/middleware/pyroscope.go:10.62,16.25 1 0
github.com/MamangRust/monolith-point-of-sale-pkg/middleware/pyroscope.go:16.25,22.32 3 0
github.com/MamangRust/monolith-point-of-sale-pkg/middleware/pyroscope.go:22.32,24.4 1 0
github.com/MamangRust/monolith-point-of-sale-pkg/middleware/pyroscope.go:26.3,26.19 1 0
github.com/MamangRust/monolith-point-of-sale-pkg/middleware/recover.go:15.84,21.34 1 0
github.com/MamangRust/monolith-point-of-sale-pkg/middleware/recover.go:21.34,22.16 1 0
github.com/MamangRust/monolith-point-of-sale-pkg/middleware/recover.go:22.16,23.32 1 0
github.com/MamangRust/monolith-point-of-sale-pkg/middleware/recover.go:23.32,31.5 2 0
github.com/MamangRust/monolith-point-of-sale-pkg/middleware/recover.go:34.3,34.27 1 0
github.com/MamangRust/monolith-point-of-sale-pkg/middleware/resilience.go:18.144,24.2 1 0
github.com/MamangRust/monolith-point-of-sale-pkg/middleware/resilience.go:26.81,27.128 1 0
github.com/MamangRust/monolith-point-of-sale-pkg/middleware/resilience.go:27.128,30.33 2 0
github.com/MamangRust/monolith-point-of-sale-pkg/middleware/resilience.go:30.33,32.4 1 0
github.com/MamangRust/monolith-point-of-sale-pkg/middleware/resilience.go:34.3,34.38 1 0
github.com/MamangRust/monolith-point-of-sale-pkg/middleware/resilience.go:34.38,36.4 1 0
github.com/MamangRust/monolith-point-of-sale-pkg/middleware/resilience.go:38.3,40.27 2 0
github.com/MamangRust/monolith-point-of-sale-pkg/otel/otel.go:42.45,43.40 1 0
github.com/MamangRust/monolith-point-of-sale-pkg/otel/otel.go:43.40,45.3 1 0
github.com/MamangRust/monolith-point-of-sale-pkg/otel/otel.go:47.2,49.3 1 0
github.com/MamangRust/monolith-point-of-sale-pkg/otel/otel.go:52.53,53.23 1 0
github.com/MamangRust/monolith-point-of-sale-pkg/otel/otel.go:53.23,58.3 4 0
github.com/MamangRust/monolith-point-of-sale-pkg/otel/otel.go:60.2,60.42 1 0
github.com/MamangRust/monolith-point-of-sale-pkg/otel/otel.go:60.42,62.3 1 0
github.com/MamangRust/monolith-point-of-sale-pkg/otel/otel.go:64.2,64.41 1 0
github.com/MamangRust/monolith-point-of-sale-pkg/otel/otel.go:64.41,66.3 1 0
github.com/MamangRust/monolith-point-of-sale-pkg/otel/otel.go:68.2,68.42 1 0
github.com/MamangRust/monolith-point-of-sale-pkg/otel/otel.go:68.42,70.3 1 0
github.com/MamangRust/monolith-point-of-sale-pkg/otel/otel.go:72.2,72.35 1 0
github.com/MamangRust/monolith-point-of-sale-pkg/otel/otel.go:72.35,73.48 1 0
github.com/MamangRust/monolith-point-of-sale-pkg/otel/otel.go:73.48,75.4 1 0
github.com/MamangRust/monolith-point-of-sale-pkg/otel/otel.go:75.9,77.4 1 0
github.com/MamangRust/monolith-point-of-sale-pkg/otel/otel.go:80.2,80.12 1 0
github.com/MamangRust/monolith-point-of-sale-pkg/otel/otel.go:83.59,85.16 2 0
github.com/MamangRust/monolith-point-of-sale-pkg/otel/otel.go:85.16,87.3 1 0
github.com/MamangRust/monolith-point-of-sale-pkg/otel/otel.go:89.2,90.16 2 0
github.com/MamangRust/monolith-point-of-sale-pkg/otel/otel.go:90.16,92.3 1 0
github.com/MamangRust/monolith-point-of-sale-pkg/otel/otel.go:94.2,107.12 5 0
github.com/MamangRust/monolith-point-of-sale-pkg/otel/otel.go:110.58,112.16 2 0
github.com/MamangRust/monolith-point-of-sale-pkg/otel/otel.go:112.16,114.3 1 0
github.com/MamangRust/monolith-point-of-sale-pkg/otel/otel.go:116.2,117.16 2 0
github.com/MamangRust/monolith-point-of-sale-pkg/otel/otel.go:117.16,119.3 1 0
github.com/MamangRust/monolith-point-of-sale-pkg/otel/otel.go:121.2,129.12 4 0
github.com/MamangRust/monolith-point-of-sale-pkg/otel/otel.go:132.59,134.16 2 0
github.com/MamangRust/monolith-point-of-sale-pkg/otel/otel.go:134.16,136.3 1 0
github.com/MamangRust/monolith-point-of-sale-pkg/otel/otel.go:138.2,139.16 2 0
github.com/MamangRust/monolith-point-of-sale-pkg/otel/otel.go:139.16,141.3 1 0
github.com/MamangRust/monolith-point-of-sale-pkg/otel/otel.go:143.2,150.12 3 0
github.com/MamangRust/monolith-point-of-sale-pkg/otel/otel.go:153.48,157.16 2 0
github.com/MamangRust/monolith-point-of-sale-pkg/otel/otel.go:157.16,159.3 1 0
github.com/MamangRust/monolith-point-of-sale-pkg/otel/otel.go:161.2,164.12 3 0
github.com/MamangRust/monolith-point-of-sale-pkg/otel/otel.go:167.56,169.2 1 0
github.com/MamangRust/monolith-point-of-sale-pkg/otel/otel.go:171.57,174.29 2 0
github.com/MamangRust/monolith-point-of-sale-pkg/otel/otel.go:174.29,175.56 1 0
github.com/MamangRust/monolith-point-of-sale-pkg/otel/otel.go:175.56,177.4 1 0
github.com/MamangRust/monolith-point-of-sale-pkg/otel/otel.go:180.2,180.28 1 0
github.com/MamangRust/monolith-point-of-sale-pkg/otel/otel.go:180.28,181.55 1 0
github.com/MamangRust/monolith-point-of-sale-pkg/otel/otel.go:181.55,183.4 1 0
github.com/MamangRust/monolith-point-of-sale-pkg/otel/otel.go:186.2,186.29 1 0
github.com/MamangRust/monolith-point-of-sale-pkg/otel/otel.go:186.29,187.56 1 0
github.com/MamangRust/monolith-point-of-sale-pkg/otel/otel.go:187.56,189.4 1 0
github.com/MamangRust/monolith-point-of-sale-pkg/otel/otel.go:192.2,192.19 1 0
github.com/MamangRust/monolith-point-of-sale-pkg/otel/otel.go:192.19,194.3 1 0
github.com/MamangRust/monolith-point-of-sale-pkg/otel/otel.go:196.2,196.12 1 0
github.com/MamangRust/monolith-point-of-sale-pkg/otel/otel.go:199.93,204.23 2 0
github.com/MamangRust/monolith-point-of-sale-pkg/otel/otel.go:204.23,206.3 1 0
github.com/MamangRust/monolith-point-of-sale-pkg/otel/otel.go:208.2,208.40 1 0
github.com/MamangRust/monolith-point-of-sale-pkg/otel/otel.go:211.91,216.23 2 0
github.com/MamangRust/monolith-point-of-sale-pkg/otel/otel.go:216.23,218.3 1 0
github.com/MamangRust/monolith-point-of-sale-pkg/otel/otel.go:220.2,220.41 1 0
github.com/MamangRust/monolith-point-of-sale-pkg/otel/otel.go:223.85,228.23 2 0
github.com/MamangRust/monolith-point-of-sale-pkg/otel/otel.go:228.23,230.3 1 0
github.com/MamangRust/monolith-point-of-sale-pkg/otel/otel.go:232.2,232.38 1 0
github.com/MamangRust/monolith-point-of-sale-pkg/otel/otel.go:235.88,244.2 1 0
github.com/MamangRust/monolith-point-of-sale-pkg/auth/token.go:24.53,25.21 1 7
github.com/MamangRust/monolith-point-of-sale-pkg/auth/token.go:25.21,27.3 1 1
github.com/MamangRust/monolith-point-of-sale-pkg/auth/token.go:28.2,28.52 1 6
github.com/MamangRust/monolith-point-of-sale-pkg/auth/token.go:31.78,42.2 4 1
github.com/MamangRust/monolith-point-of-sale-pkg/auth/token.go:44.69,45.89 1 5
github.com/MamangRust/monolith-point-of-sale-pkg/auth/token.go:45.89,46.58 1 2
github.com/MamangRust/monolith-point-of-sale-pkg/auth/token.go:46.58,48.4 1 0
github.com/MamangRust/monolith-point-of-sale-pkg/auth/token.go:50.3,50.34 1 2
github.com/MamangRust/monolith-point-of-sale-pkg/auth/token.go:53.2,53.16 1 5
github.com/MamangRust/monolith-point-of-sale-pkg/auth/token.go:53.16,54.42 1 4
github.com/MamangRust/monolith-point-of-sale-pkg/auth/token.go:54.42,56.4 1 1
github.com/MamangRust/monolith-point-of-sale-pkg/auth/token.go:57.3,57.58 1 3
github.com/MamangRust/monolith-point-of-sale-pkg/auth/token.go:60.2,61.9 2 1
github.com/MamangRust/monolith-point-of-sale-pkg/auth/token.go:61.9,63.3 1 0
github.com/MamangRust/monolith-point-of-sale-pkg/auth/token.go:65.2,65.36 1 1
github.com/MamangRust/monolith-point-of-sale-pkg/randomstring/random_string.go:10.55,12.24 2 0
github.com/MamangRust/monolith-point-of-sale-pkg/randomstring/random_string.go:12.24,14.17 2 0
github.com/MamangRust/monolith-point-of-sale-pkg/randomstring/random_string.go:14.17,16.4 1 0
github.com/MamangRust/monolith-point-of-sale-pkg/randomstring/random_string.go:17.3,17.38 1 0
github.com/MamangRust/monolith-point-of-sale-pkg/randomstring/random_string.go:19.2,19.28 1 0
github.com/MamangRust/monolith-point-of-sale-pkg/redis/redis.go:28.47,43.2 3 0
github.com/MamangRust/monolith-point-of-sale-pkg/trace_unic/trace_kode_unik.go:10.44,14.2 3 0
github.com/MamangRust/monolith-point-of-sale-pkg/server/client.go:12.87,19.2 2 0
github.com/MamangRust/monolith-point-of-sale-pkg/server/server.go:52.56,53.17 1 0
github.com/MamangRust/monolith-point-of-sale-pkg/server/server.go:53.17,55.3 1 0
github.com/MamangRust/monolith-point-of-sale-pkg/server/server.go:58.44,59.39 1 0
github.com/MamangRust/monolith-point-of-sale-pkg/server/server.go:59.39,61.3 1 0
github.com/MamangRust/monolith-point-of-sale-pkg/server/server.go:63.2,63.43 1 0
github.com/MamangRust/monolith-point-of-sale-pkg/server/server.go:63.43,65.3 1 0
github.com/MamangRust/monolith-point-of-sale-pkg/server/server.go:67.2,68.61 2 0
github.com/MamangRust/monolith-point-of-sale-pkg/server/server.go:68.61,70.3 1 0
github.com/MamangRust/monolith-point-of-sale-pkg/server/server.go:72.2,73.16 2 0
github.com/MamangRust/monolith-point-of-sale-pkg/server/server.go:73.16,75.3 1 0
github.com/MamangRust/monolith-point-of-sale-pkg/server/server.go:77.2,78.16 2 0
github.com/MamangRust/monolith-point-of-sale-pkg/server/server.go:78.16,80.3 1 0
github.com/MamangRust/monolith-point-of-sale-pkg/server/server.go:82.2,83.16 2 0
github.com/MamangRust/monolith-point-of-sale-pkg/server/server.go:83.16,85.3 1 0
github.com/MamangRust/monolith-point-of-sale-pkg/server/server.go:86.2,91.16 4 0
github.com/MamangRust/monolith-point-of-sale-pkg/server/server.go:91.16,94.3 2 0
github.com/MamangRust/monolith-point-of-sale-pkg/server/server.go:96.2,108.8 2 0
github.com/MamangRust/monolith-point-of-sale-pkg/server/server.go:111.34,115.16 3 0
github.com/MamangRust/monolith-point-of-sale-pkg/server/server.go:115.16,117.3 1 0
github.com/MamangRust/monolith-point-of-sale-pkg/server/server.go:119.2,144.31 6 0
github.com/MamangRust/monolith-point-of-sale-pkg/server/server.go:144.31,146.3 1 0
github.com/MamangRust/monolith-point-of-sale-pkg/server/server.go:148.2,152.46 4 0
github.com/MamangRust/monolith-point-of-sale-pkg/server/server.go:152.46,155.3 2 0
github.com/MamangRust/monolith-point-of-sale-pkg/server/server.go:157.2,164.12 6 0
github.com/MamangRust/monolith-point-of-sale-pkg/server/server.go:164.12,169.47 2 0
github.com/MamangRust/monolith-point-of-sale-pkg/server/server.go:169.47,171.4 1 0
github.com/MamangRust/monolith-point-of-sale-pkg/server/server.go:174.2,174.9 1 0
github.com/MamangRust/monolith-point-of-sale-pkg/server/server.go:175.24,176.80 1 0
github.com/MamangRust/monolith-point-of-sale-pkg/server/server.go:177.24,179.13 2 0
github.com/MamangRust/monolith-point-of-sale-pkg/server/server.go:182.2,182.82 1 0
github.com/MamangRust/monolith-point-of-sale-pkg/server/server.go:189.9,200.12 7 0
github.com/MamangRust/monolith-point-of-sale-pkg/server/server.go:200.12,204.3 3 0
github.com/MamangRust/monolith-point-of-sale-pkg/server/server.go:206.2,206.9 1 0
github.com/MamangRust/monolith-point-of-sale-pkg/server/server.go:207.19,208.57 1 0
github.com/MamangRust/monolith-point-of-sale-pkg/server/server.go:209.28,210.67 1 0
github.com/MamangRust/monolith-point-of-sale-pkg/server/server.go:213.2,214.12 2 0
github.com/MamangRust/monolith-point-of-sale-pkg/server/server.go:214.12,217.3 2 0
github.com/MamangRust/monolith-point-of-sale-pkg/server/server.go:219.2,219.9 1 0
github.com/MamangRust/monolith-point-of-sale-pkg/server/server.go:220.17,221.50 1 0
github.com/MamangRust/monolith-point-of-sale-pkg/server/server.go:222.28,224.20 2 0
github.com/MamangRust/monolith-point-of-sale-pkg/server/server.go:227.2,228.12 2 0
github.com/MamangRust/monolith-point-of-sale-pkg/server/server.go:231.32,234.48 2 0
github.com/MamangRust/monolith-point-of-sale-pkg/server/server.go:234.48,235.45 1 0
github.com/MamangRust/monolith-point-of-sale-pkg/server/server.go:235.45,237.4 1 0
github.com/MamangRust/monolith-point-of-sale-pkg/server/server.go:240.2,240.21 1 0
github.com/MamangRust/monolith-point-of-sale-pkg/server/server.go:240.21,243.3 2 0
github.com/MamangRust/monolith-point-of-sale-pkg/server/server.go:245.2,245.20 1 0
github.com/MamangRust/monolith-point-of-sale-pkg/server/server.go:245.20,246.41 1 0
github.com/MamangRust/monolith-point-of-sale-pkg/server/server.go:246.41,248.4 1 0
github.com/MamangRust/monolith-point-of-sale-pkg/server/server.go:248.9,250.4 1 0
github.com/MamangRust/monolith-point-of-sale-pkg/server/server.go:253.2,253.24 1 0
github.com/MamangRust/monolith-point-of-sale-pkg/server/server.go:253.24,254.68 1 0
github.com/MamangRust/monolith-point-of-sale-pkg/server/server.go:254.68,256.4 1 0
github.com/MamangRust/monolith-point-of-sale-pkg/server/server.go:256.9,258.4 1 0
github.com/MamangRust/monolith-point-of-sale-pkg/server/server.go:261.2,261.36 1 0
github.com/MamangRust/monolith-point-of-sale-pkg/server/server.go:264.39,265.46 1 0
github.com/MamangRust/monolith-point-of-sale-pkg/server/server.go:265.46,267.3 1 0
github.com/MamangRust/monolith-point-of-sale-pkg/server/server.go:269.2,285.12 2 0
github.com/MamangRust/monolith-point-of-sale-pkg/server/server.go:288.53,299.2 1 0
github.com/MamangRust/monolith-point-of-sale-pkg/server/server.go:301.117,306.63 2 0
github.com/MamangRust/monolith-point-of-sale-pkg/server/server.go:306.63,308.18 2 0
github.com/MamangRust/monolith-point-of-sale-pkg/server/server.go:308.18,310.4 1 0
github.com/MamangRust/monolith-point-of-sale-pkg/server/server.go:311.3,311.18 1 0
github.com/MamangRust/monolith-point-of-sale-pkg/server/server.go:311.18,313.4 1 0
github.com/MamangRust/monolith-point-of-sale-pkg/server/server.go:314.3,314.15 1 0
github.com/MamangRust/monolith-point-of-sale-pkg/server/server.go:317.2,319.16 3 0
github.com/MamangRust/monolith-point-of-sale-pkg/server/server.go:319.16,321.3 1 0
github.com/MamangRust/monolith-point-of-sale-pkg/server/server.go:323.2,325.13 3 0
github.com/MamangRust/monolith-point-of-sale-pkg/server/server.go:325.13,327.3 1 0
github.com/MamangRust/monolith-point-of-sale-pkg/server/server.go:329.2,342.51 4 0
github.com/MamangRust/monolith-point-of-sale-pkg/server/server.go:342.51,345.3 2 0
github.com/MamangRust/monolith-point-of-sale-pkg/server/server.go:347.2,348.20 2 0
github.com/MamangRust/monolith-point-of-sale-pkg/server/server.go:351.60,353.12 2 0
github.com/MamangRust/monolith-point-of-sale-pkg/server/server.go:353.12,357.7 4 0
github.com/MamangRust/monolith-point-of-sale-pkg/server/server.go:357.7,358.11 1 0
github.com/MamangRust/monolith-point-of-sale-pkg/server/server.go:359.24,360.11 1 0
github.com/MamangRust/monolith-point-of-sale-pkg/server/server.go:361.20,362.21 1 0
github.com/MamangRust/monolith-point-of-sale-pkg/server/server.go:366.2,366.13 1 0
github.com/MamangRust/monolith-point-of-sale-pkg/server/server.go:369.37,372.16 3 0
github.com/MamangRust/monolith-point-of-sale-pkg/server/server.go:372.16,375.3 2 0
github.com/MamangRust/monolith-point-of-sale-pkg/server/server.go:376.2,377.39 2 0
github.com/MamangRust/monolith-point-of-sale-pkg/server/server.go:377.39,379.3 1 0
github.com/MamangRust/monolith-point-of-sale-pkg/server/server.go:380.2,380.67 1 0
github.com/MamangRust/monolith-point-of-sale-pkg/server/server.go:380.67,387.3 1 0
github.com/MamangRust/monolith-point-of-sale-pkg/server/server.go:390.57,392.12 2 0
github.com/MamangRust/monolith-point-of-sale-pkg/server/server.go:392.12,396.7 4 0
github.com/MamangRust/monolith-point-of-sale-pkg/server/server.go:396.7,397.11 1 0
github.com/MamangRust/monolith-point-of-sale-pkg/server/server.go:398.24,399.11 1 0
github.com/MamangRust/monolith-point-of-sale-pkg/server/server.go:400.20,401.37 1 0
github.com/MamangRust/monolith-point-of-sale-pkg/server/server.go:405.2,405.13 1 0
github.com/MamangRust/monolith-point-of-sale-pkg/emailretry/retry.go:66.57,75.2 1 3
github.com/MamangRust/monolith-point-of-sale-pkg/emailretry/retry.go:78.60,81.2 2 1
github.com/MamangRust/monolith-point-of-sale-pkg/emailretry/retry.go:84.64,85.16 1 4
github.com/MamangRust/monolith-point-of-sale-pkg/emailretry/retry.go:85.16,87.3 1 1
github.com/MamangRust/monolith-point-of-sale-pkg/emailretry/retry.go:88.2,89.32 2 3
github.com/MamangRust/monolith-point-of-sale-pkg/emailretry/retry.go:89.32,90.15 1 7
github.com/MamangRust/monolith-point-of-sale-pkg/emailretry/retry.go:90.15,92.4 1 7
github.com/MamangRust/monolith-point-of-sale-pkg/emailretry/retry.go:95.2,96.25 2 3
github.com/MamangRust/monolith-point-of-sale-pkg/emailretry/retry.go:96.25,98.3 1 2
github.com/MamangRust/monolith-point-of-sale-pkg/emailretry/retry.go:99.2,100.16 2 1
github.com/MamangRust/monolith-point-of-sale-pkg/emailretry/retry.go:100.16,102.3 1 0
github.com/MamangRust/monolith-point-of-sale-pkg/emailretry/retry.go:103.2,106.16 3 1
github.com/MamangRust/monolith-point-of-sale-pkg/emailretry/retry.go:106.16,108.3 1 0
github.com/MamangRust/monolith-point-of-sale-pkg/emailretry/retry.go:109.2,112.16 3 1
github.com/MamangRust/monolith-point-of-sale-pkg/emailretry/retry.go:112.16,114.3 1 0
github.com/MamangRust/monolith-point-of-sale-pkg/emailretry/retry.go:115.2,118.16 3 1
github.com/MamangRust/monolith-point-of-sale-pkg/emailretry/retry.go:118.16,120.3 1 0
github.com/MamangRust/monolith-point-of-sale-pkg/emailretry/retry.go:121.2,124.68 3 1
github.com/MamangRust/monolith-point-of-sale-pkg/emailretry/retry.go:124.68,126.3 1 0
github.com/MamangRust/monolith-point-of-sale-pkg/emailretry/retry.go:127.2,127.18 1 1
github.com/MamangRust/monolith-point-of-sale-pkg/emailretry/retry.go:132.61,133.15 1 5
github.com/MamangRust/monolith-point-of-sale-pkg/emailretry/retry.go:133.15,135.3 1 1
github.com/MamangRust/monolith-point-of-sale-pkg/emailretry/retry.go:136.2,136.17 1 5
github.com/MamangRust/monolith-point-of-sale-pkg/emailretry/retry.go:136.17,138.3 1 0
github.com/MamangRust/monolith-point-of-sale-pkg/emailretry/retry.go:139.2,140.20 2 5
github.com/MamangRust/monolith-point-of-sale-pkg/emailretry/retry.go:140.20,142.3 1 1
github.com/MamangRust/monolith-point-of-sale-pkg/emailretry/retry.go:143.2,143.10 1 4
github.com/MamangRust/monolith-point-of-sale-pkg/emailretry/retry.go:147.61,149.2 1 1
github.com/MamangRust/monolith-point-of-sale-pkg/event/event.go:31.69,41.2 1 10
github.com/MamangRust/monolith-point-of-sale-pkg/event/event.go:44.75,46.2 1 3
github.com/MamangRust/monolith-point-of-sale-pkg/event/event.go:51.39,58.2 1 8
github.com/MamangRust/monolith-point-of-sale-pkg/upload_image/image.go:32.65,34.2 1 0
github.com/MamangRust/monolith-point-of-sale-pkg/upload_image/image.go:36.69,37.54 1 0
github.com/MamangRust/monolith-point-of-sale-pkg/upload_image/image.go:37.54,38.54 1 0
github.com/MamangRust/monolith-point-of-sale-pkg/upload_image/image.go:38.54,44.4 2 0
github.com/MamangRust/monolith-point-of-sale-pkg/upload_image/image.go:46.2,46.12 1 0
github.com/MamangRust/monolith-point-of-sale-pkg/upload_image/image.go:49.102,57.24 3 0
github.com/MamangRust/monolith-point-of-sale-pkg/upload_image/image.go:57.24,63.3 1 0
github.com/MamangRust/monolith-point-of-sale-pkg/upload_image/image.go:65.2,65.23 1 0
github.com/MamangRust/monolith-point-of-sale-pkg/upload_image/image.go:65.23,71.3 1 0
github.com/MamangRust/monolith-point-of-sale-pkg/upload_image/image.go:73.2,74.59 2 0
github.com/MamangRust/monolith-point-of-sale-pkg/upload_image/image.go:74.59,80.3 1 0
github.com/MamangRust/monolith-point-of-sale-pkg/upload_image/image.go:82.2,85.60 3 0
github.com/MamangRust/monolith-point-of-sale-pkg/upload_image/image.go:85.60,95.3 2 0
github.com/MamangRust/monolith-point-of-sale-pkg/upload_image/image.go:97.2,102.23 2 0
github.com/MamangRust/monolith-point-of-sale-pkg/upload_image/image.go:105.63,106.57 1 0
github.com/MamangRust/monolith-point-of-sale-pkg/upload_image/image.go:106.57,111.3 1 0
github.com/MamangRust/monolith-point-of-sale-pkg/upload_image/image.go:114.86,116.16 2 0
github.com/MamangRust/monolith-point-of-sale-pkg/upload_image/image.go:116.16,118.3 1 0
github.com/MamangRust/monolith-point-of-sale-pkg/upload_image/image.go:119.2,122.16 3 0
github.com/MamangRust/monolith-point-of-sale-pkg/upload_image/image.go:122.16,124.3 1 0
github.com/MamangRust/monolith-point-of-sale-pkg/upload_image/image.go:125.2,127.44 2 0
github.com/MamangRust/monolith-point-of-sale-pkg/upload_image/image.go:127.44,129.3 1 0
github.com/MamangRust/monolith-point-of-sale-pkg/upload_image/image.go:131.2,131.63 1 0
github.com/MamangRust/monolith-point-of-sale-pkg/upload_image/image.go:131.63,133.3 1 0
github.com/MamangRust/monolith-point-of-sale-pkg/upload_image/image.go:135.2,135.12 1 0
github.com/MamangRust/monolith-point-of-sale-pkg/outbox/inbox.go:33.149,34.55 1 4
github.com/MamangRust/monolith-point-of-sale-pkg/outbox/inbox.go:34.55,36.3 1 3
github.com/MamangRust/monolith-point-of-sale-pkg/outbox/inbox.go:37.2,41.16 2 1
github.com/MamangRust/monolith-point-of-sale-pkg/outbox/inbox.go:41.16,43.3 1 0
github.com/MamangRust/monolith-point-of-sale-pkg/outbox/inbox.go:44.2,44.89 1 1
github.com/MamangRust/monolith-point-of-sale-pkg/outbox/inbox.go:47.122,48.55 1 2
github.com/MamangRust/monolith-point-of-sale-pkg/outbox/inbox.go:48.55,50.3 1 2
github.com/MamangRust/monolith-point-of-sale-pkg/outbox/inbox.go:51.2,53.4 1 0
github.com/MamangRust/monolith-point-of-sale-pkg/outbox/inbox.go:56.137,57.55 1 2
github.com/MamangRust/monolith-point-of-sale-pkg/outbox/inbox.go:57.55,59.3 1 1
github.com/MamangRust/monolith-point-of-sale-pkg/outbox/inbox.go:60.2,61.26 2 1
github.com/MamangRust/monolith-point-of-sale-pkg/outbox/inbox.go:61.26,63.3 1 1
github.com/MamangRust/monolith-point-of-sale-pkg/outbox/inbox.go:64.2,66.4 1 1
github.com/MamangRust/monolith-point-of-sale-pkg/outbox/inbox.go:76.67,77.17 1 0
github.com/MamangRust/monolith-point-of-sale-pkg/outbox/inbox.go:77.17,79.3 1 0
github.com/MamangRust/monolith-point-of-sale-pkg/outbox/inbox.go:80.2,80.40 1 0
github.com/MamangRust/monolith-point-of-sale-pkg/outbox/inbox.go:83.150,85.16 2 0
github.com/MamangRust/monolith-point-of-sale-pkg/outbox/inbox.go:85.16,87.3 1 0
github.com/MamangRust/monolith-point-of-sale-pkg/outbox/inbox.go:88.2,90.16 3 0
github.com/MamangRust/monolith-point-of-sale-pkg/outbox/inbox.go:90.16,92.3 1 0
github.com/MamangRust/monolith-point-of-sale-pkg/outbox/inbox.go:93.2,93.39 1 0
github.com/MamangRust/monolith-point-of-sale-pkg/outbox/inbox.go:93.39,95.3 1 0
github.com/MamangRust/monolith-point-of-sale-pkg/outbox/inbox.go:96.2,96.53 1 0
github.com/MamangRust/monolith-point-of-sale-pkg/outbox/inbox.go:99.123,101.16 2 0
github.com/MamangRust/monolith-point-of-sale-pkg/outbox/inbox.go:101.16,103.3 1 0
github.com/MamangRust/monolith-point-of-sale-pkg/outbox/inbox.go:104.2,105.91 2 0
github.com/MamangRust/monolith-point-of-sale-pkg/outbox/inbox.go:105.91,107.3 1 0
github.com/MamangRust/monolith-point-of-sale-pkg/outbox/inbox.go:108.2,108.23 1 0
github.com/MamangRust/monolith-point-of-sale-pkg/outbox/inbox.go:111.138,113.16 2 0
github.com/MamangRust/monolith-point-of-sale-pkg/outbox/inbox.go:113.16,115.3 1 0
github.com/MamangRust/monolith-point-of-sale-pkg/outbox/inbox.go:116.2,117.100 2 0
github.com/MamangRust/monolith-point-of-sale-pkg/outbox/inbox.go:117.100,119.3 1 0
github.com/MamangRust/monolith-point-of-sale-pkg/outbox/inbox.go:120.2,120.23 1 0
github.com/MamangRust/monolith-point-of-sale-pkg/outbox/outbox.go:53.114,55.2 1 0
github.com/MamangRust/monolith-point-of-sale-pkg/outbox/outbox.go:60.110,66.16 2 0
github.com/MamangRust/monolith-point-of-sale-pkg/outbox/outbox.go:66.16,68.3 1 0
github.com/MamangRust/monolith-point-of-sale-pkg/outbox/outbox.go:69.2,70.12 2 0
github.com/MamangRust/monolith-point-of-sale-pkg/outbox/outbox.go:78.95,79.22 1 0
github.com/MamangRust/monolith-point-of-sale-pkg/outbox/outbox.go:79.22,81.3 1 0
github.com/MamangRust/monolith-point-of-sale-pkg/outbox/outbox.go:82.2,87.16 2 0
github.com/MamangRust/monolith-point-of-sale-pkg/outbox/outbox.go:87.16,89.3 1 0
github.com/MamangRust/monolith-point-of-sale-pkg/outbox/outbox.go:90.2,91.12 2 0
github.com/MamangRust/monolith-point-of-sale-pkg/outbox/outbox.go:98.85,99.44 1 0
github.com/MamangRust/monolith-point-of-sale-pkg/outbox/outbox.go:99.44,101.3 1 0
github.com/MamangRust/monolith-point-of-sale-pkg/outbox/outbox.go:102.2,106.16 2 0
github.com/MamangRust/monolith-point-of-sale-pkg/outbox/outbox.go:106.16,108.3 1 0
github.com/MamangRust/monolith-point-of-sale-pkg/outbox/outbox.go:110.2,111.31 2 0
github.com/MamangRust/monolith-point-of-sale-pkg/outbox/outbox.go:111.31,112.98 1 0
github.com/MamangRust/monolith-point-of-sale-pkg/outbox/outbox.go:112.98,119.50 2 0
github.com/MamangRust/monolith-point-of-sale-pkg/outbox/outbox.go:119.50,120.89 1 0
github.com/MamangRust/monolith-point-of-sale-pkg/outbox/outbox.go:120.89,122.6 1 0
github.com/MamangRust/monolith-point-of-sale-pkg/outbox/outbox.go:123.5,123.13 1 0
github.com/MamangRust/monolith-point-of-sale-pkg/outbox/outbox.go:125.4,129.23 2 0
github.com/MamangRust/monolith-point-of-sale-pkg/outbox/outbox.go:129.23,131.5 1 0
github.com/MamangRust/monolith-point-of-sale-pkg/outbox/outbox.go:132.4,132.12 1 0
github.com/MamangRust/monolith-point-of-sale-pkg/outbox/outbox.go:134.3,134.84 1 0
github.com/MamangRust/monolith-point-of-sale-pkg/outbox/outbox.go:134.84,136.12 2 0
github.com/MamangRust/monolith-point-of-sale-pkg/outbox/outbox.go:138.3,138.14 1 0
github.com/MamangRust/monolith-point-of-sale-pkg/outbox/outbox.go:140.2,140.23 1 0
github.com/MamangRust/monolith-point-of-sale-pkg/outbox/outbox.go:144.87,148.6 4 0
github.com/MamangRust/monolith-point-of-sale-pkg/outbox/outbox.go:148.6,149.10 1 0
github.com/MamangRust/monolith-point-of-sale-pkg/outbox/outbox.go:150.21,152.10 2 0
github.com/MamangRust/monolith-point-of-sale-pkg/outbox/outbox.go:153.19,154.58 1 0
github.com/MamangRust/monolith-point-of-sale-pkg/outbox/outbox.go:154.58,156.5 1 0
github.com/MamangRust/monolith-point-of-sale-pkg/outbox/outbox.go:157.4,161.48 2 0
github.com/MamangRust/monolith-point-of-sale-pkg/outbox/outbox.go:161.48,162.144 1 0
github.com/MamangRust/monolith-point-of-sale-pkg/outbox/outbox.go:162.144,164.6 1 0
github.com/MamangRust/monolith-point-of-sale-pkg/outbox/outbox.go:164.11,164.27 1 0
github.com/MamangRust/monolith-point-of-sale-pkg/outbox/outbox.go:164.27,166.6 1 0
github.com/MamangRust/monolith-point-of-sale-pkg/utils/barcode.go:12.42,14.44 2 3
github.com/MamangRust/monolith-point-of-sale-pkg/utils/barcode.go:14.44,15.20 1 5
github.com/MamangRust/monolith-point-of-sale-pkg/utils/barcode.go:15.20,17.4 1 5
github.com/MamangRust/monolith-point-of-sale-pkg/utils/barcode.go:19.2,19.24 1 3
github.com/MamangRust/monolith-point-of-sale-pkg/utils/barcode.go:19.24,21.3 1 1
github.com/MamangRust/monolith-point-of-sale-pkg/utils/barcode.go:23.2,28.49 4 3
github.com/MamangRust/monolith-point-of-sale-pkg/utils/slug.go:10.39,18.19 6 2
github.com/MamangRust/monolith-point-of-sale-pkg/utils/slug.go:18.19,20.3 1 8
github.com/MamangRust/monolith-point-of-sale-pkg/utils/slug.go:21.2,23.35 2 2
github.com/MamangRust/monolith-point-of-sale-pkg/resilience/circuit_breaker.go:24.109,31.2 1 5
github.com/MamangRust/monolith-point-of-sale-pkg/resilience/circuit_breaker.go:33.41,35.2 1 21
github.com/MamangRust/monolith-point-of-sale-pkg/resilience/circuit_breaker.go:37.52,39.2 1 3
github.com/MamangRust/monolith-point-of-sale-pkg/resilience/circuit_breaker.go:41.52,43.2 1 0
github.com/MamangRust/monolith-point-of-sale-pkg/resilience/circuit_breaker.go:45.53,46.18 1 4
github.com/MamangRust/monolith-point-of-sale-pkg/resilience/circuit_breaker.go:46.18,48.3 1 2
github.com/MamangRust/monolith-point-of-sale-pkg/resilience/circuit_breaker.go:50.2,54.39 4 2
github.com/MamangRust/monolith-point-of-sale-pkg/resilience/circuit_breaker.go:54.39,58.39 3 1
github.com/MamangRust/monolith-point-of-sale-pkg/resilience/circuit_breaker.go:58.39,60.4 1 1
github.com/MamangRust/monolith-point-of-sale-pkg/resilience/circuit_breaker.go:62.3,62.40 1 0
github.com/MamangRust/monolith-point-of-sale-pkg/resilience/circuit_breaker.go:62.40,65.4 2 0
github.com/MamangRust/monolith-point-of-sale-pkg/resilience/circuit_breaker.go:67.3,67.15 1 0
github.com/MamangRust/monolith-point-of-sale-pkg/resilience/circuit_breaker.go:70.2,70.14 1 1
github.com/MamangRust/monolith-point-of-sale-pkg/resilience/circuit_breaker.go:73.43,76.54 2 6
github.com/MamangRust/monolith-point-of-sale-pkg/resilience/circuit_breaker.go:76.54,78.3 1 1
github.com/MamangRust/monolith-point-of-sale-pkg/resilience/circuit_breaker.go:80.2,80.41 1 6
github.com/MamangRust/monolith-point-of-sale-pkg/resilience/circuit_breaker.go:83.43,86.43 2 8
github.com/MamangRust/monolith-point-of-sale-pkg/resilience/circuit_breaker.go:86.43,88.3 1 3
github.com/MamangRust/monolith-point-of-sale-pkg/resilience/circuit_breaker.go:91.41,99.2 6 3
github.com/MamangRust/monolith-point-of-sale-pkg/resilience/circuit_breaker.go:101.42,106.2 4 2
github.com/MamangRust/monolith-point-of-sale-pkg/resilience/circuit_breaker.go:108.35,110.2 1 1
github.com/MamangRust/monolith-point-of-sale-pkg/resilience/load_monitor.go:24.36,30.2 1 4
github.com/MamangRust/monolith-point-of-sale-pkg/resilience/load_monitor.go:32.66,38.2 1 1
github.com/MamangRust/monolith-point-of-sale-pkg/resilience/load_monitor.go:40.40,42.2 1 120
github.com/MamangRust/monolith-point-of-sale-pkg/resilience/load_monitor.go:44.47,54.17 8 103
github.com/MamangRust/monolith-point-of-sale-pkg/resilience/load_monitor.go:54.17,56.3 1 103
github.com/MamangRust/monolith-point-of-sale-pkg/resilience/load_monitor.go:58.2,65.26 3 103
github.com/MamangRust/monolith-point-of-sale-pkg/resilience/load_monitor.go:65.26,67.3 1 40
github.com/MamangRust/monolith-point-of-sale-pkg/resilience/load_monitor.go:68.2,70.12 2 103
github.com/MamangRust/monolith-point-of-sale-pkg/resilience/load_monitor.go:73.49,75.2 1 2
github.com/MamangRust/monolith-point-of-sale-pkg/resilience/load_monitor.go:77.70,81.26 3 2
github.com/MamangRust/monolith-point-of-sale-pkg/resilience/load_monitor.go:81.26,83.3 1 1
github.com/MamangRust/monolith-point-of-sale-pkg/resilience/load_monitor.go:85.2,89.44 4 1
github.com/MamangRust/monolith-point-of-sale-pkg/resilience/load_monitor.go:89.44,90.45 1 1
github.com/MamangRust/monolith-point-of-sale-pkg/resilience/load_monitor.go:90.45,91.9 1 0
github.com/MamangRust/monolith-point-of-sale-pkg/resilience/load_monitor.go:93.3,94.10 2 1
github.com/MamangRust/monolith-point-of-sale-pkg/resilience/load_monitor.go:97.2,97.16 1 1
github.com/MamangRust/monolith-point-of-sale-pkg/resilience/load_monitor.go:97.16,99.3 1 0
github.com/MamangRust/monolith-point-of-sale-pkg/resilience/load_monitor.go:101.2,101.40 1 1
github.com/MamangRust/monolith-point-of-sale-pkg/resilience/load_monitor.go:104.66,108.26 3 2
github.com/MamangRust/monolith-point-of-sale-pkg/resilience/load_monitor.go:108.26,110.3 1 1
github.com/MamangRust/monolith-point-of-sale-pkg/resilience/load_monitor.go:112.2,115.44 3 1
github.com/MamangRust/monolith-point-of-sale-pkg/resilience/load_monitor.go:115.44,116.45 1 1
github.com/MamangRust/monolith-point-of-sale-pkg/resilience/load_monitor.go:116.45,117.9 1 0
github.com/MamangRust/monolith-point-of-sale-pkg/resilience/load_monitor.go:119.3,119.31 1 1
github.com/MamangRust/monolith-point-of-sale-pkg/resilience/load_monitor.go:119.31,121.4 1 1
github.com/MamangRust/monolith-point-of-sale-pkg/resilience/load_monitor.go:124.2,124.13 1 1
github.com/MamangRust/monolith-point-of-sale-pkg/resilience/load_monitor.go:127.52,134.2 5 0
github.com/MamangRust/monolith-point-of-sale-pkg/resilience/load_monitor.go:136.32,145.2 7 0
github.com/MamangRust/monolith-point-of-sale-pkg/resilience/request_limiter.go:18.92,19.24 1 4
github.com/MamangRust/monolith-point-of-sale-pkg/resilience/request_limiter.go:19.24,22.3 2 1
github.com/MamangRust/monolith-point-of-sale-pkg/resilience/request_limiter.go:24.2,28.3 1 4
github.com/MamangRust/monolith-point-of-sale-pkg/resilience/request_limiter.go:31.45,32.32 1 5
github.com/MamangRust/monolith-point-of-sale-pkg/resilience/request_limiter.go:32.32,35.3 2 4
github.com/MamangRust/monolith-point-of-sale-pkg/resilience/request_limiter.go:36.2,36.14 1 1
github.com/MamangRust/monolith-point-of-sale-pkg/resilience/request_limiter.go:39.37,42.21 2 3
github.com/MamangRust/monolith-point-of-sale-pkg/resilience/request_limiter.go:42.21,50.3 3 2
github.com/MamangRust/monolith-point-of-sale-pkg/resilience/request_limiter.go:52.2,52.25 1 1
github.com/MamangRust/monolith-point-of-sale-pkg/resilience/request_limiter.go:55.52,57.2 1 2
github.com/MamangRust/monolith-point-of-sale-pkg/resilience/request_limiter.go:59.49,61.2 1 1
github.com/MamangRust/monolith-point-of-sale-pkg/resilience/request_limiter.go:63.44,65.2 1 0
github.com/MamangRust/monolith-point-of-sale-pkg/hash/hash.go:21.40,23.2 1 3
github.com/MamangRust/monolith-point-of-sale-pkg/hash/hash.go:25.64,28.16 3 4
github.com/MamangRust/monolith-point-of-sale-pkg/hash/hash.go:28.16,30.3 1 0
github.com/MamangRust/monolith-point-of-sale-pkg/hash/hash.go:31.2,31.30 1 4
github.com/MamangRust/monolith-point-of-sale-pkg/hash/hash.go:34.78,36.2 1 2
